signature,sent_slot,confirmed_slot,time_to_send_in_millis,time_to_confirm_in_millis
2FLEisvJiqDrH8AA6Y2WKnPQdVGwuy31rQuyzfLd4diJ98kgHcPFbDdouMEWov3wtdZtJGX9sJWXNA9s5o1XuaNf,232084,232084,1,272
2ouwbN9vAi1jQ2QSEsn3G1e5uWNdECXhB239xvbWTG6QnEMnQffDLMHyMpXap5CqCbK8hqb7fQ6mGUJnKCNN7eSJ,232084,232084,1,259
5rSVfrKso2DSZxNFD3w16qR9aLdir3G1V4wuqcgozJwUp7iuivMzXAVSyPP6z3QZxiRhFTNLUBfL1b9x3xw3Fpev,232084,232084,2,251
3ATqtDp3nbhb8LpzFhUm3vrBU2MALGwS1TYXXgFxVWVLA7qSuTguzJRttcsA82Mb1JQRJ1SAk6iKrnR95dxp1L5a,232084,232084,0,281
4tyHrkT11GCUVz9HMozNkGbcDrGprhXM6DTzaKQyDqHcJbLdMFBsnqdL7WSjD1XKE4GxXPNU55AcA6uhvZ1AacSs,232084,232084,1,260
3cdbdPituvTSsMadfET4VNJD5yUXtwHm8T6mipwUP29TU3Fm4R8bF4B51NHsUmJvEk2KQPqWiLLeW8Xg9PynF6X9,232084,232084,1,265
3tmWX3kLvJEW11B4FCXQzGpMay7ieDRSK9JtH2V2abAvr2NpUUZnS9PhhKaSSPL1XptgsTqwfRMy9puJqtxCZr2R,232084,232084,0,279
3eUtyRiXi35jWQeGJogcaRZUCq4up9pcbS9NTLJNCpArWs37RRNyM2VaYpGyxoe5Su68Ubb6rkmVoWjmted7AHpL,232084,232084,1,277
2XiVvPn2mZcycS93VCc43MheruZzaT3qwWssbnHpea2rcMXHMvi3VKqcYEDhMKx8btyLyzii8W3zh8SJ2tMLNDcy,232084,232084,0,289
4JJqvGqPgMyo1m4VUYnJsEfsXiUUBVnJQ5VGpFwA1NWsKJdzSEaL2V7QyDp3mjVT7Lifv67mAtEuTYevDPBUXXy7,232084,232084,0,292
5QsxqCEwKwsXGfZXGEvsbnnN6knjejRVCwAuvUr5rc19QHBZm5BPb9KME6syYcbqXyDks4emQqw1N4wT1284fcQg,232084,232084,0,291
3dNRmpuM36VKMpBKNNq5tVGGmvLg5gry9L3WUF9Kfce4mnMBpHypJwHTTXNWSDuCLvyaYMhALs8u328S9Miq3CaD,232084,232084,1,274
TYqXBeAEsFmgCZvkRypsVN6HXMshcQRzqxTNWmSPNF4JZ1WZhLD6uv1REJpwvRPqXGz8tE1J25ntv7fKSgxdT47,232084,232084,0,294
3hHDunSBNyPMkby8aXsxU5KPP1AFLAgWbBvZTM21x79ohw8uNKs54YZx47f1DEeA8LA2bMXFiZwZL9ypq5i7hzbQ,232084,232084,1,254
39vi3p9D26XJK5BK5guv6sixhycQfs8v4ZycowqEF6AyPtUMiBwXoy5ZDNC1BkhV7h5bmFWpwsnugjw3PNuq6SP3,232084,232084,1,268
214nNAZEn774jnN2yvMYKw5RMKan29CahoYEUncmpYBA49qtioRKEksSpuvFPsiX5cwitr7Zp8mEpUajeFPiMxJ4,232084,232084,0,276
23niZG25BAiPHuK1XSLov7QB9tFHx7p4cfajtrR1vivMrAXtwC8TTnpW2w8aPBE943bLYNdQr74hxfgjDGdCdUfC,232084,232084,1,283
WyVMcibxCEDD9ZvitErCJuKAnMzgR9PoFRJcaR49cSpRY4tYaXo7N8vcNdUt7od8mediiyaKtQSFZ5FJ62RaVmY,232084,232084,0,286
23kFRDwWovz21zWXNCJLF5SjnN9ycmEDqAfj5n4uLsgfoS483jsvxcPz82uh82kesvSpCd2imkjoJgm4Ex6skamq,232084,232084,0,276
wXcMaJLFTYbkVumLqDMQwA4srfRAtADDKw7cnBMaENzTMqQQmW56FDoXjeYLd5T6zBJmhEDniSGFh65FLX4TknG,232084,232084,0,284
2tsRJj4zrdm7YoEY9QfNZ5UqU9dZGgYjoBuMfjRjBpdxoieGw9W3SNXjEhoALrJBexQDisqznsKu1fd75wRHt78V,232084,232084,0,296
xDgUQ5Hm8nD6sf4D29VFkYQDtzw1EDzHzzvnCCcakU6yvaLKewBuHiagbawiAkK4kRFg3hxrvp2FtGKn5LYNiWM,232084,232084,0,293
5JkGb2GuSjUD6taAi47XYku98FiwDBJxYpWQ493o7vK8KFBf2deYTQZu9ryr2opxqFRUotDTtbJpGD4P1eV8HjsM,232084,232084,0,292
5Ax4gmHGw49PU19fSZmujQjN1e7boUtH1bLupd7dy8o9P3qhjyAk4anyLLcfpwc7wgEtHZWiiihBwgHujHDJSjRq,232084,232084,1,262
3fx7n4Fxeyv9MBZEwZ2JxV6KzsqCZMn713wnND9UkQ2SiHBH3Yk9HozcbuBUE8U7eECYHzQGGARLndy3TE1egznn,232084,232084,0,286
4Yvvnd3PNFqz52PFbGP6Vxp5Ct2UScZTpuiiTETyZDvtMGifXPxZupKAXVzP1PaieRcupGMTyCdedmxXYPfjfhAJ,232084,232084,0,289
fHkc2Q3EvAi5kWGbySJ3CGqQHzsvwP1dumdseVygMRGJgTeckG5cBko2rTLFjuTFCcMpbS6d4HvST92bckvKmKC,232084,232084,0,295
3nWW9PQ24aWH23SLWVLgCvMkxhSJs1D8YdRsoM3hFPq3TA7Dikb9cHG2EhcDibmbA7xMKrEu17vu8MxKUybKHhTa,232084,232084,0,285
2K1fVXWeDGeVbzDfeEAEv9zM5ZZbiZVsexzJ3iEwzuDNULxjGBLbtzEkyxxDzweAZKhmLeibjRZ8ZitQj7YUbsr6,232084,232084,0,289
4Hh4p34uMCQYEimcfaxki9nbUVsx9PRavNxgUE8iyUdSAT9DdEzavLbGG4wmqgsKgQDaT3b61LW9ZcQdiHuMAU7t,232084,232084,0,279
2UzfLe8hsgSkSrNR1vLRRU1EhpdeKiNzMM1o2wsDYqTf3ouiqR7hFgQzsuDZBnuectdeDnFzpb78kSk5aGsb5tCT,232084,232084,1,271
4YJErxpAEm99uJJBGa1e5yY7P7qPJPX6PvMErmefwunfMDDSTe6v3TidkgYuuFkQec1YoPggV9Ch3SqCz4SpE8d6,232084,232084,0,298
5AYXX5Z24CRddKXncbvrMVW1HnTgRuCM5ng36ZKBQewK23nnfz2sWSECTKubYUwh73HXTUTAa3YNcZhs5WrNicj6,232084,232084,1,257
3vZQ4UwjVdT2vmVYp2AnC2FpnuNdmfu3Ca6aUodMQetb8fZpCw7hBYuNb9zPwp9vHyMtctu4okD26rKn74QYn6UQ,232084,232084,0,283
3YQ6QSixds6rFyz2esCYfNDefigBKijirML85gMHmhpef4QGrG3GDhA4CBbLo9vTMtUiL34b84WNpdNGoJZFAGQf,232084,232084,1,297
3acp4ogGiU7uK7x4UsVagqQZYSUXQiUDmrgRHbGsXqH9SRYRVJGg953X4na7zNW7rqe7vjVac7tgarHNRi35XCzi,232084,232084,1,262
UX1sYJZiMzAZcE3QGB9QngtwaKCzNe1SCFBCpvW4bEdoD9NNG2KHhNww75fBgcpMH7WNuQnxJGGDLB2eLTjmU6a,232084,232084,1,265
45ScV53K5Fhx51itNZ8HNhmW6nWhhaELpD7kXq3HiTpMP5dTxwQKeGRgzNaNWRagMdVCrPSx4vid57V8wxLy7EEu,232084,232084,0,280
4zn5tDFLCicuWckN12VrXBDVKbkXZSZgsMwoGGBQa9Z1fAuVaKwMT4GezV3KHnNxXWkFbfSEPxyVvs5rqFg2EYjo,232084,232084,1,275
2x8ADL9T539vjSEam5HEw7xqgLvAzfkmQC7Saqn44QgSqupXTXnjWfz4vnQFNMxC5vrmsL6ZgVMbC5dokaaTiKPT,232084,232084,0,296
4dy3UN9qUELazFxzUqy8J8CvQERGrHaw16bygSUB2pcvwfQrKnZYEiR6ru4taVFRyiwmc8bFsaAyzHoUpPLnV4Lx,232084,232084,1,288
66aW1fMauTzaJrp7z9wVobRZzXLZ4kkX1Xn8kVsxwfC3V6fGmeKfGMQ2HjNCWpVY3wA6ZPMznomnitfdamSa814G,232084,232084,1,294
4JN7w4BhciUhWDLKrTVqtecxQXZCM2NYroXvfQe5fpieVem5KLssh9ezbobQibxfXmHq3oH45fBkindFaG6wYLbK,232084,232084,1,285
5G434nvNrS4vj87R7RJ9ujEjdgvpnBe3jSkqwApN3Tyg5VswLNorNGusTpkJgVHGRRYDdkDzqbXC6ii5Jic4a2Nc,232084,232084,1,290
4jEpgvjVXEigLR9mVBdmgjXHxJMJAiStySZcAGkBEDx7uiMysgYVAaQVgPLZnxKoL77ftKj4tXVeH6otbpjgj5eQ,232084,232084,1,259
5KYi6TRDoYaGgzQCSYqrtDLGoqQEw5W1TrMUFSXbQfTSoxcavQPL2MaNgsBwnEhfA7Avq8fLvhruLmNjRkEZQf1q,232084,232084,1,278
368JWdXW59msTP1g6Rt3wVzuWjEnH2qfJZdjqbFxTS8ESCiPBwphgbEVJx9j6sAicw1yy6e1tN3efNaS3RPhGv9m,232084,232084,1,280
2MZsrTr4zTEfkAjLrd7SDKfthGQsvJDAWcy5AAQeXhprniT4uyiDw5iBA6f8NaCuRJWNXTUDhmZnCwC1SjvnFd91,232084,232084,0,291
38HQsdwP3oWUumzcsa2ZLffPcYjNcUZZCHL5LGfawnSXEBopMnhGy9a3wvGa6fepHwXXDwmMQsHV4UJ62Yvh2zP6,232084,232084,1,288
4ek71YLqY3vd15nf3qgdvZpQ4GE6xKD73Hn5Yg5biWBzt6eTAoEeATHwY1zrxdA6vqHpXLLtAAQH2kUeJcvMVxnY,232084,232084,1,281
ZVK9g5TQQLD68xg2fYxVbgGy2pDDca4NURurm7x8eAmu81ZLc8YtFcmCTwLjdufnnGUSrXU5UbrX4PG2iSERK7r,232084,232084,1,284
4p1mzQFtQFTJtc4ijSGhF8nSvdFPD8Zghne6hkQoKU74UvHkgEL2mEgAtzC4yaBMdhMuyXysBVSCTFpnE4u1HXaL,232084,232084,0,294
3Lq6HEVMr4UE6o3ybdVXSBsHDHdjhz4wpwWnD8ncwVhLuQL4xVfg1D9CfHuxpaKVM6fa9GqdRPz6pTKYdF66QB1Q,232084,232084,0,297
9XbuWbsVd255mmtm8PQsLbGbdBivjozCbvqJQX3A7gf5tqn5w5BqGE1ctWSMjiey6Dy7wxAiEACFr6mZXTnpkvH,232084,232084,0,254
5vrXjEgE7GwrfYFaAATwc3K5Xc2aqDVy77nEPpAmWj5zS1eJBMthXsUBxuUp9ajmHCA6JDjigxkRiSxwPXV9DeZp,232084,232084,1,283
3cbPbsKCg2V7rWH3Evjt6bW5weG28wVNstSfvWau5Ha2NvBFtfhEyFtYJBkxLjcReLPCMV7zfC9zP3Chn9BdbESy,232084,232084,1,257
3oWZKUygiFYM99sRVbfKXRDcUYvPQiDcCQdAVEodgoby5FJC3cHqgA1tfFmCL9GNMLXdT7nUZk7YpTQZMg77aLUs,232084,232084,0,281
5nHuPUfuLVmuptfssWbKbyjmpkZ6CV5jkUR8uj93Z3MyKt97Nj4gWhfK6ecSzdnUTtQWY7CgX2HHW2SVNkBtWE9d,232084,232084,0,292
5pb1uGLEqvsmvs9vqMDwLyQMdmAi5zmPmL1NGxdtuxdn8PCe566ujSmi1BREZE2PkrWc9m416cUnJc6NTUMvwVAC,232084,232084,1,258
61v13qMBkD76rRZqa6N54nHqffF3R1uLpnHeM1kc1L1BBr1gUJ6nhVUGPRvbBVAnKDJfEFSp9FwLUwWXi1hTYYMk,232084,232085,0,740
4fnRG2Leg7fbXL2J4SUvb766cNCnWPdrWrzuehyq9mLHkPKqxLEZiGvTfMA3eaGeouiJDVaDSSd7GCmnueq6NDed,232084,232085,0,740
QpfbGL2AgJHBnBs9Jd3vcNZX1PfzGqKLLQLr5pVST9gKRqEyfcYLKQydP5bcSDMvv8BhSv9FM8i225ttF3ce9Co,232084,232085,1,735
5wKzuf3Fq38aYkdQDrmGkrzUzC1LdHiXYx7pLKHYgM7bANLNHmN2RTLhGhBpFsYvsYctTEi5hCuva6L56oq7NM3b,232084,232085,1,768
2jBe4p4SAnPJNKDpYbezip4wF62qk1gRECSZGQ3wQFsYZHh9Gs3aWBLABtyWL8FsnqhsFrF5t5FsAPeGYHgEBuVb,232084,232085,0,749
2eofgzh8dv1hwxKmhyrpUbWGyvs3ynT1Vtot8DWUanSz42pcofCXt1jfokiWQn4Fcd3DoZs9TECYF3YoHdos8vou,232084,232085,0,744
2V8jM6KKuLNjJGzK2fo773XS7pHakZ7qtgKvWenguVSuHFFJgQmVmj9wdt2D3n641cWcdUnfTa8N649nLz93qxXa,232084,232085,1,752
2TyrRK4zzyRGt91d4Yxh3iJS99WbkM8Ue8E37q7D521zjMaaXpYptBKpoZuQHF4AHW6NfjX4sCJwJs3YPFnsSkZT,232084,232085,1,750
d5qP1jWtw9v1tcss2RKuUh2JkL6HQDbcAjXunmsewdsYwPhFTLVMnrASuJw5i6rq5untd8jbXekDd4BZBd6NFww,232084,232085,2,746
2ff4mQHmaab7dUEVagtMYvDf7iZaFeEKVWKxdcMxzmN8fxqXZWkoD9X6LUcCq9gkcF7ohrKsR9t4B3inpdEAGBco,232084,232085,1,734
4HNLVWFczfQEwinTa6wSwndiKhaYUQmNtafJvGqtFvQ2kSyn9CFUqLupRZSvcWGVTbRHrQcT3Tghsxb5MQuC5ceo,232084,232085,0,731
4BogJpGdwTjBnn9qojzNYRVEApeuz2KccMKgeLiaWkhA7M2qRZBLRGaKPAWqB4yGyywsU5Da872yCUra93PgEqRd,232084,232085,1,754
HfriGsQ4bJnvq7BfQxxDMQYsZi2ev9YX8UQEFMkK4aubwNPATU2HvwtvJRp5DBuQ5KK16wBZbkMed2Mgh7osSxb,232084,232085,1,745
2h2fmn8nsMdGXLjTU82MzTyDdpk1HvPpHqn3pqSjUqxVGBsDpCe9GKWDr9qWMJia5sUhc8MvigHemhB8LLHQSFeW,232084,232085,1,738
4fbLRG7D2DmjGtFQAB9eVV9SV2Letve2ZQ1iWfHdTHBd9kSckiNtECUtAQYnpaT6z7BdY8rgrjZThXxpiYYBoEN4,232084,232085,1,771
4QfxKjSGyvXuUC3V6Zsd1Pf4cR1jvucu6jMwWdnxYKiGMZhCN8qtFfJwpN7DnoDzswidf7u1CnyXpqLopztBQbsG,232084,232085,0,738
67FhL7XkkEaUUGadXLBGJrpszZUUvvJfqzGRtUKLW4taNJgEY1pxTZ94xh9NMEiWJiFXrc7NJ51RbiGTu1u5hzcK,232084,232085,0,748
LeaendRyWREkhNujNJu73LAnL9jfepdFB6jsyfYiUuK8t3V6RpSUArfbZ9h6ds3ahm5rpqLXWv1hNjHYZoxD1Lg,232084,232085,1,742
4THmcggpjw6vJrFQhu9HbFTpZYVcTgpgKa7DeahutYYqHjnDgtEepw98ijYrvontp5dqJWfSi9u3uUgRw5pg7xGj,232084,232085,2,728
61UaDJarBe3CN9rHzPbwRZ9iUN2it27QWTgNBZReJK4nj7kZd1f3LAKRPu78N7iMmBT4HsFEpeXyVZART3QLntHa,232084,232085,1,779
3P4pJ3EibLchzTK2LUfPArVa9ZAST243maRcW7o5aUU51yYRdDqTpQKqs5meHF6GRMjWf9gp96mmMU2btcUUdYPy,232084,232085,1,761
UU79woN2pDW1UtDkT3yndWCARLQyJ2k5KzgLs3byBvtEi5GwVriGp9zDvcmhprsCuMm8pBvbgByopGDSVQz8An7,232084,232085,1,759
3sC8nqXP8q9zWsuZx2w2xLiZ1pJYCVBNTWpAKW2DXB1hVZdrN2WRw76JDPFuAvAHUGwDPHT5evQSdqynTTyynEAV,232084,232085,1,774
4aoPbV9ieuLMXADhte9WTEDgnaN9vyLqYDSCVfZPzQz3SxXEq6LJfbk8VMogSENVgRUKSfUaS3tqZ29soGboh8uh,232084,232085,0,752
66XdVvt3dYceF8ZizsMLvWhY7egCKXeoJUZXZ8pwmDNCV4YDEbiE28by89uyzTRu2VYcM1MfRzHYYiDJLC7XZh3L,232084,232085,1,732
2qCMZNonHGu6nMa4BnBccHQxZKhzLTiPTzHzEsZXTmMeAvwKuPtX5hhrjBFXyuB4AGCdWjxb6DhyvzqvPDKf5u2w,232084,232085,1,772
Sw8Dh4tDAhw5QuLvJRTmqpa76Nqo2FBJnUEjFi3EpuukSJhZciSbQawKzCHeKTkzYLR8Qiz4GuEr9CVx8EQ7P6E,232084,232085,0,742
KmMr7L3pWGvUwod2YUBiSRL3yG1LYCXgkpMveRhFsjfy2mw1JRJNv8Y2Mx5YBdNX16MpsPmKjJBCPb5BDWYkiLi,232084,232085,1,736
3d9GDVAVh3VLFgB89xMFNegRQmJhDFHi3qUZGGhzd61wrZShZeDnRjobBRNaMA2fS259x43c5FGKo6wVn7JN6Zpo,232084,232085,0,747
4dUZTPGv49VvjEHMQsUfdJTZaT7yW2BAbstgHk2Vhbyk5DTJrqVYfRPRT2fD5LSjd9aQSdDUXg7qzeqiZE66HY7e,232084,232085,1,755
4j31z5kbNdhJB73P51giASN8JZfxRvwuumFmcb6KYn7TtQZiUnwqd18vb7rvEX1YQXNcUu23R5TNgQeU9U8GPNaZ,232084,232085,0,729
3WGHbTJ1QtRTkmN6FasSJmtZ6gdP7sEvd2rPboK3E9Ye5FeTB7qYCbyKaLjH5u4NW58LAeBpHqXMZ1wPM5NThsx,232084,232085,0,747
2zBS95PqGN7w6wisFpxPxpU91XuAcoUEn3aPD8ctXwUoELf5UL4qJEiJ1sEN851sNXwjC63grbBdLCSnFrF3y1mu,232084,232085,0,750
466245yBxi8Q19QEcvLPEx9VcFMES3ygPZzKW8zFVQkjZnjkp8Rn8Yf6pJgz368GSmv1k159Gt8Yy6V8zt8VUU8C,232084,232085,1,775
4qF67c91VnZoUhVf7eX5zWX8645xsvo8AMYSatHxPfDKoKhNDNG7ivZQbSgShNw2zAoWth9TfQZhEDTHA1j36knW,232084,232085,1,770
2nYyXb18mLsDMbhKFr3GMChYKrP3HtCtFP9Y7RLXnAFHcZnaFonXuL4vjPBqWhx1Ej31798rwcbpfaNxxMcNYhuU,232084,232085,1,781
4NyztoBK6XEiRkWCTPREUip57LpdqyHybRU8vfrq2H8PPaFWyrCceHuu1HEt33b6rgTJJnhZmbcv7TfzbpVVxWZV,232084,232085,1,733
5JBZztb4pPNmSquLtjdWnJADvdn6G1eX63ouUaqat94pgk5XYGKEXjU8wcXVWKk46QuYMUSxtySwa5rGbsuk45QX,232084,232085,1,774
2KC5qTgiL3FBLFK9LKPmifvzxdJYA43BUjVPQaBTG886agWwgXizFntWECp9GRuNoKKAv8rMBtzRFYXFJpCz1hte,232084,232085,0,749
64ZvSGzwk8wJZNHdfaVFYcPDW97GwNffJCr74ytXWM3XQiJkBxhc9sZS4zYZ6B4cdT9xdv3X7DhkJ8sxpisjuUGU,232084,232085,1,753
5XFprGUKJJ9TzpZbX83xSnB8GDCA6bv61tKmQcvtS9iXivRCzfA5HqVkKPRsnRsDBj2EetT3U39w45Lh3kE2WDg9,232084,232085,0,750
2gsvRyBm1Gce8EHeAR6wJz6r8nVnXz6P2DBeHv7f25ovmjLsWUqE53evQWXWKT3Noe4Enzbz8Y8ft48zUaZmHoRX,232084,232085,0,732
2ZSphjMdFQZTSt4eG9ooxh4s3Hb6mNvSJfNxuVsVqET5Z3tWMrR8mfLhn6hsze2Y2FW3ouAYrPjfLP7XV7NfDFd9,232084,232085,1,767
4vRW7mtKt4XEbZxXT9uT7vAj146gcYpgnDpbro6c9zb3S57DfNrnUwNqJGhsWxByVhrx4d5wmAWjqyRTGRczfgCp,232084,232085,0,742
5nUKijXsbbV5ZpvXH4zgrVpdgXYQJcZoGVYm1gn73RSU1kMzcfHXXHtFto98PuQAMJ1RgkUy5ZCZZtXDaU4ZrY9S,232084,232085,1,777
2TW3qoZ3gaFYv9WRTNhkG437cMKRRAwk1ALG83Yq9CxsjKUo84P2xspUqh7XwDeUGBvyiBjHmoJnTkj4DHmTiHYs,232084,232085,2,740
5w3aAtsi42qispYPGXatwZZtnA2iiaTpVgf3qJYhf8JRD524KuUGxKzGzDY4g1E1nxTVdx717gfbMFtWFcaP6ZqZ,232084,232085,0,731
3rQiAMkskJgmLAy9YDZKYbYMdU1iysEUndgtjzsJLqiYwQ7abqTh8ejaqKUan7Vnu3VkYdu5Npo9cqvgXzs2k4V2,232084,232085,1,779
5tpbFe6BryA6wEP5FQ5zQEDkhJbrW1i4xv6M1cfZ5qDt2GpysHVwRFhizF8mYgVV8Ro8aVuxTwtCr86CTphezbUh,232084,232085,1,752
56PwhkJMWf2xMBnLRshiGAxjNxm3FnBA9EJFCpeJVadkxiheN6TBG36Nkp81agqhe8NnaFBBVaj24HerV2V5bDqo,232084,232085,0,727
3aC9akLa9UDK4iJzkfyVKAHoEm8GPsenNRBhSLHTGc8WRM4bPxJvdZ4P1jxRgFGCLr7RtinUtm2ju2YR38TnaHSc,232084,232085,2,735
2aQpcEbwdQQggoriNFzpphkuPA4Ypxz6ng6CZ5jFJ1sn8Wj32kQD7Xv6AnYkTMGHovzGxfD2woKxC48V41QwMVjt,232084,232085,2,744
4XhTkeLVmendutXXybkv3t7LHp1u7Vdrm3pw5Fufo4y27WeMPFHhVgKHZDWaFufvqmXSeDGgaJg9hTUPBkBZqsVo,232084,232085,0,730
4TTwWQQ5LYf3Ux3iRss4sn1Th1z8NqDSAowjYg8Z4MwhPEXJFBtFhfYfpuRgjmEFhujB8hH6m7VvHWCq9RWVKogB,232084,232085,0,739
uNhqeCRtj1M7Kh6PKk5wTmDiUSQivBps1HfYDZM7PN1EHgayMwkoX5zCJwMTJq7rZ5HTgkgaEhdxV443hWDVVuK,232084,232085,0,733
2j7Ve5MS2qiN92sgzfHTzyLKksyfAgnM3ywgE2x4NCXta6KhYdUtWzp93NBtT2QXfSvecizbVoR8ACee8Rr44dKb,232084,232085,0,747
21we4YiHZGDTyKbJHVcyoBm2JfpZmWEcxzH75qn2zwAhWajRW1K6N8o2z1Y9GVsCwYkvAYXQU7mcaPMooE3yTLhx,232084,232085,2,757
2ioaHa9dqbhgz5Ssov1becMcLXs2U3WyftEPqebPBhwphdWUmxBAFFeSAPFT4xtrVA6EJUZDT7pAtwqfXKtS8ymj,232084,232085,0,746
3UsHRUWwN6j9g1Fsk1tedy9xehcV6N4o2ivRJZyPw6FY4KjEneSvDuGpBdhswpPiZ6C8fsNMfFLHtx1yNHfTyVa,232084,232085,0,732
26RuVtgZo4MQf2mqRa6Pa1bsXruUAxF3L5tEGa2fuQX2HtyfAz5bK6J73xh9fRrLNDHdB61XwZxR55yjcE4KKTpm,232084,232086,0,1153
55HLEkHvkbyo9TEKEUrqVEXu7Vgh3cxzVTW8a75o53FgzLcZwJ7jJELzrEaUsbTewt42Pj6nmxY4wG4nQfWay3fv,232084,232086,0,1075
3DGLZxAe9dSXQ1GYipKXyboTbnZthF5D23TuP5wGJXYQniddiDqRoga5msHPK3csvYxNAaq3AKzAHhMXS8kLofUC,232085,232086,6,872
6n8jUvY6T1GRH9NdVLYQPVqYyF5rVSCir7Bh9mutC8iX3WNAyqddz35LDqUedF5nao4FFkchqfSdbe5geEHZqQk,232084,232086,0,988
2YUxJWqE7262Sn2eUD73ekMQ3SnAAJov9Y5b5NH6tSbmZyrVEwAGUgGfswV7S2EW3RqYnN1J2cZJ9ZoaNAf357Dv,232084,232086,0,1096
2aEz3iWJQxZnpRoZH6W7KJktMBN1X1gK8kZarPdT2HqSRHWGV2F5QCGubSKB9H56MrcVYoqTCjE4RRzPXPCv2YNJ,232084,232086,14,957
338ej8JiN8AYvP97cmMzqSYTFQxmGrFkPu5Tug5PWqwMHGoBpLMQ8gehbYWvihec1jHdSx92dNDU3M4MSYs7mzUd,232084,232086,0,1105
AmSRHED1smec26WLELzmsQdPQ2tvzG6dg3mTsuEomo5q3vFqctvK5mdUoAyX6w7NAPP86D9r68Sy1V6d9gXe4ep,232085,232086,0,838
4cctV3J28SrpctTLLWTAxZPVJFAyXskco9HRGhHwDgmRYHw8sbajF1hXfYFbDg6ACvAexs78PoyUB9hyEmQWVfag,232084,232086,1,946
36p7DQjH26qDtVMPrJCLT91z3YifCPA4egNL8dw3obuXWNy5inZcLo9TYHWxqvqfW2BX98EwVnNvimbH5zkR4DKm,232084,232086,0,1096
5u2GRjXPUWLpxVpu9eyL3bKW9EfEzaXxEyCg7EzXnHiqESs14E5ojS4tTSdZ7aShU3X3vNHtk3t6dcdCAVmJDGED,232084,232086,0,972
2vRPfzEZ3BHhcxShWmeKswGQPMzdmEDYyaBRULRwHbq5ex2bEXZUK1rcTbF2viJgT6VGnDxP1JmnY6f4pT2pWhL9,232084,232086,0,1155
31g3ZjaPq6sREHs5oGZ1Y7o9fo9xYFQvnk5wJAN3fzta2hezbAH3AkX8Y2d7b76PGg9q6mER1VBKpyPG7Kdn6hpk,232084,232086,0,1029
CHPAAwJZguLidgvoLww7h1gMYXyFXXKx8MqwKqRJxMN3ajpoxZYJz75fNBkKZSiDSWWbMSj6tRkKYH5NmBNBRJp,232084,232086,3,1145
1W6qg9FtcUoGnrxvcHKki9bn83U7Nn3w3PP2KTdBpSutwuEPDsxK1XiuWU5ZMVa2ndie1TA5HPZzMEghwhcCMfy,232084,232086,0,1152
4BPRmRiXEV9Ls7EfxfPvPxLVDnxQMhygjDXTam446cgUanxUVzWa3wbBrCPCBjnYXZeQZou8mniaha86JkkkCZzH,232084,232086,0,1065
5deL9zo2jKnv3c6LBmtAWvvFriDF7BTNW8stEoKK4cktC4u19YsdLM6cRQmbidm8vSGck5qnSsF7dN3XFrg8e4N1,232084,232086,1,1155
4JA6gWzX4oFbvSh3XUKZXZXRRQEhuut6DpcgjwiiLPUAVsfv6d5zz6WfmJWVC3uCLFFNyUv3iHe4opUAjZh63mYo,232084,232086,0,1154
4U4bXNiz7fc9kWtLRwf5LYbgzWUpY4UNbHjsyJ5V4y16mjLvZDBaX85gGnmxJcf47fxsVa8vNCTF77XtNAokb78L,232085,232086,12,928
piRjeUynzUafpwvDzWgPezhRiyqxdQTqLjdnVu5APKN325d5Uyt54QXdYyAAgpN9grqctaUmW7LEY93HzbEu5cK,232084,232086,0,1097
33jFbVsPexuFPkiSqj7rrTLZS8QV8KaS4DfhSUciNGmT97omxhZZ6AMBoyswTZyEtc19ZwKjs9T7z9CXsWEVvzaa,232084,232086,0,1077
4sjCBYH1fvn2y6AP8FxyiDeqUZ4TpgyJCJ9gFnV7hF6BQyUdZXbX3QUpm7FTDjgs7v3zPWqExcxWWfwSMMZ1zyQB,232084,232086,0,1159
4ozsQH6jdftFBqs5f4XdogFsE1bqHZDtS4vShLjnpGqtFooX7VWu7Dq2qo3L1ArCpjrZUmUsuwnDccYWBErTN1hr,232084,232086,0,1119
4ifc8UnP33fqcHSpzYHvs5h52NzVkKc2zMAXPpUdZETaVvLqrkWbcYgxR7KYf73QB7QbGdLArQUKzmCFKkLVKwUf,232084,232086,0,945
2yVJ2FddAXUbiBUZvsLWBV7YzM8eS8wL1geFyyaA68ox4aqN8dfjyQwiP24MAWQCY1RAN88HCdnYNNo5AG2Jdx8e,232084,232086,0,1077
4tZGmXTBEUPCVyADcwN5UK2hpfemFwSPtiLvpvcMCtZErNpc7XA19gFiXuPc6zRdW2fcQ32KnJdbYeKnPVeWBxX1,232085,232086,6,922
3aV5TZBSjXaF3WwJLrU9xUSt4PcVNtpid4DdJKbJUDi2Q9pgzaEvujE7EzmPNznj5L2hvCLSrKgqpsnZ1S4cXvjM,232084,232086,1,943
62kkkPPPPypTjyUQn41HTVy6tEbq9thWcZshUMfKqSZqKpozjuo2n9cAHSQsYPuVZQknCDyGp59jjtmK9Ri9A78R,232084,232086,0,1170
MfEX93GhmwUuo23p7U6BSdRWDbzqwd2xoKN3fj631XcV2J1PEwPFmVKQfV2rv1r8W1hQbwTBXvt6wpmCksfKgkY,232084,232086,0,1048
3etnWJqw78hgCvF7PHytrVBTQazk3NzGSG39btvfuLtAT3WyYvQfqixX9fUgyPkFpxXqkoQm4Jgs9QAzASHdPG7V,232084,232086,0,1152
4bLpAX5VvqrttBXmDCVrABv8TxqYi1isgY9GZCQLB4zPyyS4v5sDTZabt8vjDiCM7vvzgsL3x1JrLhHif1QYi4XM,232084,232086,0,1016
3FxVmKUt7EeNAWGp74J7rt1wfThorvwGMZ4P354QBsMShfk9wjc3RanQsuEXn8iNYPSDDnGacqDW5L4WCFFNWnTx,232084,232086,0,970
3mFZNXkJ18MPEHmYUm76y622EcUjYFpg8tmtdJk2rVyrfKem2NiJubWvk5tCsy6KvqBTZw3Dbxn7KUuePq6iEmYS,232084,232086,0,1078
5KVhkxitMSKTyH6xEuZ47xAoUhVWHs6qDVmuPWLXD8wtSLzwbkujP44t7Rxv599p2boD9866yFZGPM7SWGbU9iSi,232084,232086,0,969
21R1XbM4BpJXt6aF1fvWYPfezmLA2EFSxbCVsoaTx5WnQ3QidsBUF2nksEUD9ZWoWz8No2ZfVn8L7FfTDnsRZhiT,232084,232086,0,975
XugfpPhXfV7abNwjJKEmQnqW7x9aJ9YxQ8oFBGaFHFQ3zouK6zN5UWWyAjtztxvWhq8tMBUS5QjwCU4YCjGZ69M,232084,232086,0,1121
3riVFFTh8BHWeCh2mbyez5CGkgGeQnGj3WG5w2aMSyxQMBbQrXjYUEpZC8KrdY8Yn9SfERwz3EVSLeYDCErDbxkT,232084,232086,0,968
51Z2tTKMiJtcEzKGQopp1oohBSwcJzUgyXBdDZn5GrErhmC6jfQ2QA7nHnpCpWQk9f9T3N2T7QS8TqDrjUd5BJj9,232084,232086,0,976
3jzRGntxrK8Hg1Xc1BEuGzXKMBeLErL5MzGQZBz8EcDFHMfJrEmwt7GdrF2gQB5JRFSDTvzSGi6yH6bRtN1HbeWn,232084,232086,0,1109
4zsMbZuWSvs58SrC4rbRDZQZiBh9SvC8uvPFYUtug8jhXWufcX9aN6NcRDet6irupAWP5KRV51D2iwXtY2GkGP4S,232084,232086,3,1113
5JsMiFD9NursS2HS5huTjUkWvSUfSwqvfhSSmYPVY2jwALUi1mLJdqNoRw83cFHWM45wW4teA8guu8PAyxrcUAcL,232084,232086,4,1149
2vGN1pg6VqMT6cvsf9K6FcWXCW2RU8JiKMu6mX26htuWZpWxPTqJDMhyjj8uLEqDY1ebtR6Rpr6GPk9RvQm848VA,232084,232086,3,1098
5EzCxQxKNdywYEisZfUiKETRJVL9zCjZbr4j1kjFCywyQrEBcGSbHFXJsT4hEYFJnBPVKSgXnkkusMUDfM1szCsa,232084,232086,0,1086
4AiV49YmZt8EGchVEFrVZKqZM2ndv61fK6frGwFExYpKZLj3gt6K6KuMvnPKVyT7yua1fThyS6s3nYo6VUfJuJTP,232084,232086,0,1121
8J1H7iWYBey4YtjoySB1K5oe596uv9LLExAcPF9qQUMn49RL3cNP3WFfCJupt9NRVJiAUHHRei4XQcxM4fPkF37,232084,232086,0,1057
62qvnwKGbMBsofh76FfS3jGYCvQofMaRgfBuV1kyhoXiT7EE8QNeMf9iqDt5mbeeWFEfVLvLSEsvxUo2LusunCGA,232084,232086,0,1021
2bgeCjXQx73gugnHk6YSoNSWVLphtJgzA3ciYxHGMb3frqSPcrZ7wYWKWFE2AXnSBnoJWDw958DWZbczyXpLRZWk,232084,232086,1,1153
5peMgY1hYKRsGgtimzAUsW9JRPbzU8D9a23ZN2DZ4LyiwzAvKDjTFrw7svU95rXWi2PpvWKp8NuK3dpEmmGBxwXC,232084,232086,0,1158
3pi8fDE6FtDr93pfS7EoNjAw6FQuWTwbdnxdiu8CL2NJTHTUtF2oqc23NwMiNnRAd7SpY7qdkQodQGPVcC97yUuM,232084,232086,0,1097
4fCMsLNZbtDB7UWhQvbnAb71Jnp6ZfhR7JyTyAnsetQo2KV4x3uhCFXSjCKKNaXeNcmNwptrZ4yihEdYcyYBfJAi,232084,232086,0,1094
4ikj5JEgoVMhsL5yTnZFQdfgsjkhFsZbDMZdQGQ9tcFph9td5cHMSjmqK3q6BGRN3uVW8aC6BP1EycXmhEGVrSLv,232084,232086,2,998
4yKWiacNcAJPWzfAXQvKmfimF4pHaxAicgAAWTUY9MgxzALYfrw4RDGiDKLWaYZmTM8KwTzqUJeV1oNJnun8HzVb,232084,232086,0,1102
5qRPE3ibvL8U5ErYxUAG4jT9mrhbvqhWA9wfhDyA6U1MEfaM8ExjgPmtGWAp39F4VmMwZiSFFsvtn9KEWCucL4xz,232084,232086,0,1068
3xtryhCPKRjbCdidpGGcaniDPgAkjxTkrPmxUKRryAUmyEAQD7mkcVE8EZjfcoL6A9QmneWcssvyTzhdmEkRHv2z,232084,232086,0,972
u9YcjZB2iFm8kAD2S2womNt5hHhXEFDwQW4DPRxyVZLAgQv5yzEfqgezJioo8giJi3KgvDZrf4jYNgLuA6yVVDa,232085,232086,8,779
2A37dxHxHPXt9UWDUg6ifHG4baoBhDviNYSY59FFTHj9BU62vjpUG28pEfjqmdtoQa8rT6m63nLeXrLXH1T5M2hq,232084,232086,0,972
2QSnKRq5M8PCqbCy9T5scRZxs2HVmvMoZfPBzuk6gonA1r53G8iHq4CrsWU9PyKgA1Z11xifhCxpxHdTkRssHgF5,232084,232086,0,1065
kHvWzDKpQfgKrF8ACFyDUPaS84KgSFjkXoY6JqAt1XWGXcHMc6DNVqzxLPLPSVRrpnhE7g6QTfDFbPnL7ZnCNRX,232084,232086,0,1012
qS3rSXT8VBzTjMeGLQHZVwYohvTd947bkCuK94wvz8PfH9peCV1soixhrpb8nuPcTCSp9DNsrUwkAKR5hR7AdYp,232084,232086,0,1164
4Nesmhp8T5Dw4JpU6gT5kJggMshjyPkWsqwMfQHcWwHwrTRARHjsCXimBtEetwkdvY94zmaneckNZGeLgdfyRLJ6,232085,232087,16,1185
25SQB5H6UJEhuxARUdsf2RbpvaGGPevtRKvmwVQxpq8MW5Lijypg3F1swzb6hQCr74Hfx4KscTsTykLdnchBoVPJ,232085,232087,0,1150
5mGFuYAnv9h79weFwKgZVoAiNi8Ap5esPfzvaPsk8W3vNkni1xkr1DjoGTrGqbEfJyMeqb3G8dB4wiMgzJy5nNmD,232084,232087,7,1445
5kxxHRhUFjPkj3rf4tz8WP6rRmWp9Md56RfviJ9u8Drvb4ZJV5ENe1CP8Ec54qAGMijhpdsoWbkngEX1ZVdZzwgv,232085,232087,7,1374
5cUzXjqyDgcBVNnS9xqy292XLyxA6qb4F6tUjmYPh3K7Dk9ZpQg5BHxhdLRg72CKrFGTHb4gVcHbhmFgDi6T3vQE,232084,232087,0,1514
4iDWVhpyGFLjkV1LCtU9PAhSGBoSBg26tYUuQ3AWiD7FXk88A3dNKNik7N44UHn5vvbRNkKAeJ6ruzqqRjKauuHc,232085,232087,0,1149
3NrjoxUaQHFTsykBguSX3P98B6nFJ8SZXBqdDJqPPfPHESNF2rShFzj2L1bYuC41FdRWDWuEfZZMpYJUyHUmHETi,232084,232087,0,1530
3PB9nG7BX7BFgTixTT9Eb48cw3eX6kcAoV6w3H8rkVqLfw1XUZTv3xq3kphggNYnJX9ayBZpa2Zx1uCqhrqwmoY3,232084,232087,0,1522
51pmjjLAdEBiQGURi86vRPvdtLBVz44X6X53ySysxYMQBToRfStse9572WvVQhxZWvVrAXBnLYikhbUR4ZR2Dnhm,232084,232087,0,1661
Q8CSHs51E6nLsG9uCmugGRcQTRgfYNnTo98ZPgNmtx1oTY6N9U6egJRjPVwjtesPgtgq6Vx3ixVrrGZD7DpiktH,232084,232087,0,1645
ReKTxboXst1iVe4d5sMswaGmnoXTUpiNtyua6srig7QEde3ypyroeauniBhdiHokSR6MN3aTk8oN5XyKSrSxhV4,232084,232087,0,1661
2rftK3i2ddKKHupxyFuxeyUFbgDTnJxetpahkwG8JvD2mpXmMF7rciSaUAtGXge6wmAB5a3HqFW3rjb7uqsqyjvV,232085,232087,0,1317
4tjMNvUo8jnGuV6W4FRc3s78eFN277bUGcfR7n5Kanb8nuzdS21yRKPbX6dR9j5Yuvds8vF85DmPySnnHdV9a3jT,232084,232087,7,1475
cXYCUgs59hxNzofoQqWsW67zKccLaoRCJokpvH3CVK8QyiVjcHQBFfLbxKwqcio8d1dKK6KgFYg4LNNodLd8YLY,232084,232087,1,1485
5QVz9nRdUBEQpT6djyi5vrhNPtd3GBxtYyLarwDS3WPfG3MuoJC56JTXzb4EtxM4QQw4ZcE2YTt3mgT13biFdfJp,232084,232087,0,1528
hJ2XgLYuRSAnCWoEj6hGAXtggYPL9t5rdvBZH3BDY8hMRMm45GVwTjvaZAVd5qcj1LUNqGz43nrNcKM3i8UTsov,232085,232087,0,1149
3iw8v29hLgN6DwnsuBEd1L6TxSaGjKrbWDjzQAMqPsDvrhDwXVm5SgCzKXkkNef32ycghgks7w39jRK5hEm7c133,232084,232087,0,1520
5GcwstAhXxrU36VKwEQC33U5xghkVysH7ex2svahYP88wQpTUc2PcTqZixseA14PwPgFk2C3E8MWtRKwEV8VJspC,232084,232087,2,1666
K9q6JkcMwMCRbW7RPdyuu6EEnzWffG2Fo6oGcyhkUoYS9fTN1cmghJrY65X29Prw3Ms33LiV2To6mRZQn3jho8T,232084,232087,0,1487
2P6ySgmSMEStU6gp8kHFgvs2pzWYnLN2NiC1L8yKxkYuNn9d6g973hXnsjynYwEq4xmbKewaErThkRyFT4t3qKYx,232085,232087,0,1146
3nYv1BR15jbBb5HRLvSD5ibeWW5dW4sZE3qgPTuYkUiXFZQmo2nyrCeRDG3F8H11EXFryPxrCs7VNs7g65CzuUPn,232085,232087,0,1148
4PsdBxobJ97D7KQvxoKb8BAk7ygFQ9ZTya4iCVbPzFHRJ3ShxbhWmfrF7mB6YZRq18Ga8nhxCuAVrpSATPemdjr6,232084,232087,0,1445
5aGQL4iRxDNtaUkUcvw7RTfZsiBHCqjN9Z88dPvv8mHn8fRZAsDyfDqxk9Q8pYZ6YESAiKhZ5DhvUJW5wMCunbqw,232084,232087,0,1542
DUxY2DvdjDcCChjv2DvLnZjJGqfDJCvEUdgDQTNYZmtJNbbg87MZwJiVKpe31s7vrMBTDCyxDwukk7z6XQBVzHB,232084,232087,0,1645
45Nbvxejj1Swho6JHcpRThSXkmcFfMrunR5GiaLkZAMR82FAc3eNcso7fG9j4xgT6XFY7ABM2C8UGmrBZKmLGko4,232085,232087,0,1209
2HwrFcujKX7AEMDzDfYSnmsczeuMeof592C1MKTrJbjdUQeoVtXHsvKBPBxt46bVx8GuzPALRcwgMyDfRtKpXHr8,232084,232087,0,1504
8Kxte9gkNAWfN5gG2KoZPrSZAYhtZXUCbffzPXuhvGsyoRJ5b6rZQtuLgqYMjjMoqUZD8Fr5gKjMT2doJ7g4kmN,232084,232087,0,1571
2FSwuQ7HHV4zHK6mLcJPXqtjJHEcNa7nEj3nXDc6rhgAL2p3oJJnpLXnYAsSpg38fPkN76DJoN1rFC2VyHtJVtVw,232084,232087,0,1524
4kAZgiLVcKpVYEH8RJjWdt3PJoPamvB3umJqRSwHUQUF69wonEudC59DdsSrhxFrrugUqbrBsxee7KJFfzpr2EsE,232085,232087,0,1203
55E2i5dJtMatz2nCAM7vM1nvUY3QpoEepnXGpBnGCrwQiN6UrLVMmV6wL8G1V5NBYsWaNahhGsRxZD4pXjzTy1sr,232085,232087,6,1404
uYGZ7tPV5HB1iZ7uSDXsUS5JYabzo9AscSP7rxeRdq76iP3XmtSKgjQmPDmsLfTGMTRwRmPpsUGtg8hWZ9RLMKo,232084,232087,5,1517
4cmwUiepgMkh6ZsoenydJLoJPHyCUu64Kq8RFucaCpkRMyErGAuX5Yg8HbMTy9GP8FnCZC1CAPXSvMMjKpVRSu5m,232084,232087,1,1517
2bKeMr5mnmnc7aMFEKRMTwp4x2YJWCkEA8dZXj4cejGvm14NX7GmwtmeWEBWoLKo9xATC4dwaqBTpyzv4WMaLRnu,232084,232087,0,1544
3zzpzAzQ8jFpoHfztvFhh6dq7Ggnq4JWGw8v9WUF432TkAnPjknPbNqgE26eKtbrwKjZGW9MsWcZuSm9F8v54TSS,232084,232087,0,1558
5t3t1Y9nTh8Vi4EDTPyP6K6zRfLLAZYFxSCUFMxL5tE95BozoywZEmkRZx8KWcpxVvYjbtcspQLxLZyK3TekcAEA,232084,232087,0,1658
4J2aSyeLvvUgKQ3K7EanV1o9NrhkM7X5CH9WFjEY2Pn5KvegqJ9bXQFAEJgPEJsKcqdnh7bZy4x9m7ytgVCS7Jk8,232085,232087,0,1359
3RTed2zKw4RRfKVEfkdGn78rfDEJ3wctGxjuptshXzUgAcjy4YRp67inywRisvGk8dnqSKS8cyAW1aM36kkaURQ7,232084,232087,0,1472
24BiSqd9XvYhArqxDYKbNsxoZ7CNVLR1eK6eRjnZ4mEEAKSkXroXq9xG7TpbXPLyDysaXjZG9yaru4PitVwDL4Ry,232085,232087,7,1360
48yJJ9xJGg22XFoHkJbfqBBMZHtmHJNQZ8QiR6J3SKuUH2hmfZEY6B6jsYJtex2rhZmjBBjr6mFCs7Cc17Tr2672,232084,232087,0,1661
2eA26F1sCRXFDjpgpdfyCrKpri5iBp8KzNMc4zTykYWc3TxB86NLafdHUTxwxdUvXMMgENAnvrpvCSmz49g5jPQ3,232084,232087,5,1536
2qznd1rxX5s3ViA311y7mdNuhC3AzrUay7PyFyG9FYbQtYkHoUqp7BPUABBKC2qjHDkhTAiNrLoaGmf42V3WFwaw,232085,232087,0,1328
3EdD8SwyqmopRB8eiiAUFT36y7Ms1YrnxeZeqf7iwYE3fkZxa1trQkHxcEd5XKdzxL31B6SR8fN2dJ2dzD33MWgb,232085,232087,0,1210
5fPSGCjcL6iPg7zogJ3LZGEKruCvqPiafWiYkz82V9fzj1YEHoKi4pDLKz7ebJENrs3pZ4wd9MHgAMFmxrH38GTA,232084,232087,0,1516
37qFgNuKJvoxvGFAD5WHJjMMLY4DKEMtMPetTagYBcPBC1sxPU71J7BCBUPqqgofEBYPvZpAh38N5cxgFq1cx9KF,232084,232087,0,1589
5zMXUE6G44ssMggSu4s6qfpX3guvXcFvNiMNqKGJwskZHoQHiL16x62HcuzSzdWJxtPG6WfzM4JgdG3GkbzoPWcS,232085,232087,0,1208
3C8tfGJ7nV85fkUT1zoGDXepiHbhBAMSYiWNAhGJhzW9Bz6CYTBDx5rR6cqaG4mNQSh1Np8vspjBdRJsxH63TDiy,232085,232087,6,1391
5taxp358mCmza39SQ675pSeEpfLj1TTY6tQxyqvoKjPxw1bprJGyQGNY9KShRR5wGAdbWDWYTawMxcKqq9yCjG8P,232084,232087,1,1546
1kGVoRpRa9NuPuCB4yZaZ3gp8t43Gcmyy1iZcBP8t97LeomBadDTDpePf83RF59pcUoJ6oog44om1R8izRTsNbk,232085,232087,7,1375
3QMiZehkUXYKQMwHhVkUzmw5qeuoqd4mjVunY2giNxZQwG5DN9LXCqY7jbT9zZ8iELQqyw5hqrjHG35qMixrESDT,232084,232087,0,1470
2wgiahn2iUPewcfDZVB9MzFxkw9R9euSQ9ZMtMZn7eeCWotXsxDyeQJZBsHBA5ix5mrQ96hrYMomePrTeBu7FeWj,232084,232087,0,1542
2QKtB5ThSbBkt6byKrP3yWMdavEboGjHK9vGGrJZJJZBftr1aWumS92AcGNUPGc3SwgA9RD3GzAoNN11c1SJy1To,232084,232087,0,1517
45js6PAboY7fnUyFnJa1Y1aWjU3JW7qmoeVbrvSqMpJ9U2EabQoZBXbvxTsRYLUuxLYptAZbYWLBC8UswdwCmE4x,232084,232087,0,1446
3MB8dgtdmVbofrmN5nDEBUFVmht5FpFK3zXewwqmPhFHzGM92HjVQFy4TKutpaWEYK4bKNnEk9cQm7bF3sYiMCz3,232085,232087,0,1196
5QkSFsMzUFJqPbfidN8M4vx8c8HvsVVP7HazSrChuZUqMeSMbkVZ3VgHBTv1CuKCqFrLzdNCVJqMxQ9Kid899a4F,232084,232087,0,1588
2TdBKF2YsqwrWSFPrDsF2ihFbnGKLWLs7jZeuVYwiJWadNcEgXchRDZFLX2Ua3Sq3szSqwLeUaSd4esMp9NbEecd,232084,232087,0,1562
4hZvA46m9hkRp2qkH759KUXk71zrGd5K8PEFZFNbMMvwiF5J2pustEgDhuhAW8PcFPre7yDuRYmVoNgd6iUqUrnL,232084,232087,2,1659
RPvDiySazZr4q87hw7U68d2FmvK27yhermJfDar92zd2zKLX1Vcbre2h32DqX2rBzWRDp5vsL26rusieumK5bBz,232085,232087,0,1199
3a8mQaFHKSPorG9drftWFvmaKTnsDYsuCGb8BcyA61VWyHsuzJ49rMv1RTDJLYCQfYVsNdcXvKqcG34jBmkNGHhs,232086,232087,0,670
4ague3F6ARgFpj9d4KXeSnkpPB9DMXxH2guHaXDG5mEkiSNLyQtRE5N4QE2b5GJUS7xcnpjwSbtdCNUkP4ZdCS8z,232086,232087,0,707
128im9rAfjjtWveEgHqh8aJsMp5QD3XruHp1mEPCSjmHJohia9ZhdHKRaWzo2hhN7JRk5ttHkXGzi3MQRRSaCgAV,232085,232088,8,1683
57sug4TbrYswxk24GCkWt3SRy2mr4vJ4C3Dzv8adzvV8SDgdNfk5uR1hwCk7WQ44Pyrw6JEzdKPBjRn55L4reEi,232084,232088,4,2072
3QJrSDU3fSLUUB58Vay54FiQioC5F4NBM5nfk73bJtyiKPED5gpq6a39qhtRJ9mAbLLSmRKJGGPXCJ6wzNEVyRFZ,232084,232088,0,2105
4A2keLso5b47otCbRGBRh7nZtcbrb2kzfWv14gywbM1cE5xmzC6oK6sdBdPF4mX86NjwY36GkezeVnJEHv9Gn3M7,232084,232088,0,2088
5tGBAaqNAFzg4zY7F9P181ArbcieTUuQkWNxXyEKJo9WFoiXobtXcfdNtENEfJxmWjjQemGhdYSsSo4tbzAptsQ5,232084,232088,0,2166
4FkMWm6ACd25MjumeCTEbU5p56P9phJ8XgarRpdQ91n5FH2cxacmydDMHJ5QgEWnFqERUDkM57b5kHvbjsQ477Yc,232084,232088,0,2078
3qkZ35rjE6xYt9kaQpZDuuz7yuD1s1R3nZt7DjYGaYPfrHz939YjXh3mMDSuwXf8FcPUmEwRbFwBPLttCndkeZ97,232085,232088,8,1666
nHTB5vrgaAkwvDarvzzmGnCWxMquMrmuWpVVFmbzTraHGpTKAN3dAGa2av12dm97GA89hCWLqaio4qcBngLTRDE,232084,232088,4,2081
2HztZ5Gtm8ahAjoNj1VMfVY8c5LABP6rNWsL6JZS4QFBzKgwK19fFuqz13Ms3AFx6KpbZhaNRaKQ5XP6or7hiBWX,232084,232088,0,2087
3NzWFr2gV5L3ehuSkXA27ArKqZDNPmRGABs5Lye1VtLF1RyRjFzmjMAmqjc8JoA7UFpgQDka11NmWDXrdw8oi4oE,232085,232088,8,1812
2kcqE8STUfBkq9X3YRyMgT8qwcWsjejzdCVC8LktyyzkaQndhysAJr3jgM42RLy7YdgYHTXQHp3QVv87m8ihLAko,232084,232088,0,2025
N3xztEJUq7HJfksSmnyUyCAPpAcqodNCJwhiSc8kyPLqNHyiW6vPj8fq1yeeQi8afUKVCkj4vnqrwzTAw7HUvCV,232085,232088,6,1845
356nMrGjKBCu3QBbdM4jjVawzM3LbF3uC6npaWYBmPk6ACdTns4vBT3Mr7h1YaHLUd6zkrfckgCUdQch1gckoAQF,232084,232088,0,2121
ckq8a15bLUjRkLztxD6tvYwQjKN3mGKF1TVvqkyn1aEFrKt2C8FgNSHJHY6fhPHeftGAgvdJmKabW3m5pNzxXDC,232084,232088,0,2088
432yvarT6vh9t3SiKYeh5o3M5mYyaeETMZcSvtiMEdXkJ65pHfUWdJ4hkQZn8tBsz3V4nhgHM8AnZykLJA6QF4AN,232085,232088,8,1675
4gEvxQJ2qrk75drukXwcxd1pJPZFvxauA6S5dSAQgSsNvr4QPVV4qZVrjbSGBeNLQPTH5NVLuyoPJcK7RJVCHGur,232084,232088,7,2089
3f6H455ZQvKxYUw99A26RJmTfdteBHsYYG46fq8FRFxQsBUthHyKcpna3GcZzZVRJQ1WZVZLd7owAFj1zL1ASswD,232085,232088,0,1661
2izKxm9GfieRsotYer7SyxBYNQzTH6e7tGba9PnnPL7CKNQ3BW2JzT51Uopp39Z8URw8crn1Xtypdq26AE7yiXid,232084,232088,0,2077
5hPG5sxCsrhaV69V3jttnYs4UF5pKJT4SKQzGznGvDeLb9DQ1hvnfnN6eoEw9L9m2pqtGoQrnW4Mjez6M9krMZeN,232085,232088,0,1659
WZEcQkkX5retrJ23Ei5WUx4mNRFXrMjohWDvqRJDR4ditt5o9SEBMgxexV1hQ9FuwAXakZjsixGCusz7KiqRg8W,232085,232088,0,1652
5N5UA2imAgoAkrcmkmyKmaAWAy9ipYiTRiuWFLZUDyk1NeTmL6u7Qu7KbhKNKFEpSRzbjV5BLW8zpd8NWtsK1emw,232084,232088,0,2106
4SmdBPNRXPah6stjeQX7MUjoYp9tzMH7cZ9sEt7UEhhtVLfgogcBenWcW12snbxwg3o8yALQzexuXUir6B5fDPYk,232085,232088,7,1788
4AD4AbQ4s5S1fo3sPL3xu25BbkfotNhZNAv2Kd4ryWQJSzr2xaya57yo7HLsedrGPBsUhp67XT8mSv3vsYZxezqh,232085,232088,16,1762
5ZMmQac4k7BpK65SktdnjbSNnbRW5UCRmLCi7hsWdzdz5Dr97sS5ZX34HFWzUx8v4478mkbNmsMtXtu7fzaroqKR,232084,232088,0,2168
2zL2uTyge71P1jn7V8QGPeQeT8kEsrMhQzd6FgeTbatP2acGPdir6ixHa5ZaL4iwcNKmim27ChZ6qLPHyxuou1kE,232085,232088,0,1659
3kBLZFQ9EZHrQi7FwqCyT7zU5asNXHfk749yUsxmJ6tmUn71jjcEyQ8JJBk9uKPq3MSUVJd5dPLz8d5xtfnzDkGB,232084,232088,0,2087
2hrLBhbnYv5bUZrnvtE3oi8XnHjkDHXBb2ozeBiaMEQaEyGXZYz9HVUYu5riADhTeWPoYD4N44QKQvqsK47EJb2N,232086,232088,4,1069
3H2HeaWRtoLkUaXGNSiDsRmZoafNzxZJbGLdAVsP9sgmLiM7a6rv9DZYTyLVnkZmsP11duhvxgSEEmjbEJ9iQFmr,232086,232088,8,1175
5NDWnSNbceWarazbnsKmi6yhEcAQWcCytbU51zBErTecEqSCvMMCduuJohvYt2yYsPPPFH6prPvZ1vxSRppnrB5Y,232086,232088,0,1165
31SySnoqXKzP4rc8wZ7VZGhyuvqQJbW6yvBwkfQgZtkzXwM5gBg7ZzXGcbZv8MhFFWeL5xefBcRCsAbJYg7z3ZMg,232086,232088,0,1103
MoZc8RenqC34knrtgkR1ZZ2vP1prsFMiVPMajfxFg4QXg3DGWjuUiiLmLFyKopS57zx7snEvfPBxbVnwk5yF1ck,232086,232088,0,1202
4XrubsZ9Wyprut9hbne42CYPUVxVUtEsxykt99wvWE1JGfjdwsVufc9cQ4nBUuZaFh8pjHT96UhKhevnnx66XKEt,232086,232088,0,1172
4gz4wBTu2o1jqMRHkcEEBD24zkjDj9zYT4SY2xyn6prJQsrDaWpxGXWgSzGtnUY59HnUKKb5XhGFbgsem6WdSkim,232086,232088,0,1023
2mwTkmdx3EDPHnyJadzqRi9juCpPyCqHoy5S99VnUVWztuPpokhYS6voPJLsAiD3BC9Tsmp2mNzmh4hY16Z5WzqZ,232086,232088,8,1051
3aCtcWvV5M2feDTw9v9FHsqCe4JJngU4cEhLjJbi5H327aEr6c5BTWhQYRwS9YRs9MVN6pv1ay2YPxdacDp9AMig,232086,232088,0,1025
3Kwom1MREVBSnAnXxq5xAxasQSLCZPozR5NbjYdb3xyruFDzUzjGKdjAtD8XcHKTG7G5VfbVC4ETPmY6V7uNHUQq,232086,232088,0,1144
x3w5cPCahuFzKoDgfBE16pB8sjiRwNPZct3bNNBVF7wvcDJCSD74KoZudYP67Uxtbk4mFYSwLbPvTapUefpA6si,232084,232088,0,2082
45sfjFzgbiQeVaoXCLeA4DKLtjtXPWk8DYUpzbVFsctUejJUoKcvreNMc1fxLjXUqAPnMrUwkxTVGgw9PDDGySBH,232086,232088,0,1066
456BZtHxKnL61QB8Z6Kezh6Tf6eEYS8WviGVEFm6NPGppCagdpoJxYYZYZouWiib8PZCdHPev9TmG1tHJD1Qk9dM,232084,232088,0,2088
2g4X23pY8egtbgYwxHvBq7GuW7LKj5rfWg54wdsqnwpQ6ZTERLthHWrHLpXHBBeCwK38owdiaKtttzwgiZ7vV5C4,232086,232088,0,1214
3CvsFaDHbFuSGQFc65VonUkjN7Ywf1P7Ei8QyuXCtn95PxUEToh9j5N5VGbqwpX1sJgFd1uEZZZQbkTguEtdnsae,232084,232088,0,2089
489chghPFhqXc5cJnULJHX95jbkKtZxhWbPiMcmU6aqbjkCYhoA4R1kai5bkqp2xTRJxbvdfVHoxHFHspLac6t1A,232085,232088,0,1896
8cqJLyuVQh4q6qXfBLxgU5Gymca3zZSun2YZGa4yf6ao9gEqmCfpQJVewa7pqFv5Bip9rGNcHyE6xdratBY2f5u,232084,232088,0,2090
4b3cQwNbwEnnjfuytuHAeGCLjWwzCndXYxHQSyB1YPizijCoup7Gd9rjTCRG1UmKyMTWsFzjB2Ve6VAn5cRJSre6,232084,232088,0,2097
22FcKodpXi6AZMphCqqa6K7Mi4B3JMT71mqadV8KeFne7wVD2gK8Cx1JKvQPSeFVa7zxMqqBwtMKXNoKXHZ9xoGL,232085,232088,0,1789
25FEZ7qrXiSMJJaqSUU2KwzmwYDdBpooXCSvPKBbbjxjiA2LqdQK1Zw83ndzPCm17tEMJPuEzQBM9twEVxMzBf2J,232084,232088,0,2124
i6La4xK2UtUYZPzXn4FstxppqCF8Vzx7Q12URTDfKHNwJDDHMwyV4CrR7WAE3wajkukQhHAewDC5z9ybMQowoDd,232084,232088,1,2005
4mRtdGazpeFjpuqgGNE7mjJ5AoK2exzLiKcdoWwbnMdnpjzodHPsdYJRHQFrVfmc9asXhaEeM8ev9zphFAiqC1GF,232085,232088,0,1898
2NzgSS2XSbjBEpcz89TgnDU1NZUXAf336ria9dLixsZGtVwJW3D3vC1RNcyKEyy7Vz1pQhK141ZhHoKqKh7pw3jW,232084,232088,4,2084
Xi1fkaxGQbTXKjyAiWaqSKdpYbFu84iDbUvr3K9WsoB5oViLUNjBmCGb98SqFkN9zamkFL8RXCQgTPgUpTVFtLS,232084,232088,3,2119
64CBX5VvA2sCoynikQxt9hiM38pahLPmNfPCBdNKeGUpjkabUF4hmRd7dQhSPDTRPne44Kk6W9NbXmhzrrt8us4g,232084,232088,0,2175
2v9AUiPZ2H6jarTMxabqMsmGPWWqDh6WV6mG9zgGqVQAG4BMSHkfHG9t2y2FJVZaKJnE3NjRjNayTYyTTLCFgfmc,232085,232088,16,1764
2AMwrocw1jctvDg33D6Ddnv8fvLqWft52jGYxPNr8Z4QnMEeQzX1o6UoBndNm7oTEDFYPgG5pkwvirmSxrowCbH6,232084,232088,0,2127
2BSQ9tRuA6bHrNfFo4BhxgQVbXmVKHNn3NiU3cYLSztCDRi11GYeLRQxpdxwcxXpzCsqcQ1PrUD8sdzDFmvZubNw,232085,232088,0,1716
3JwGrPfNVzGBScGWm5CmA8rmhM3GYRjq71G5np6VBGNhEFaJoTpTswu4D7q8eRo3YkuurcALpiD5GJXpkvRcme1A,232084,232088,0,2060
2SMQMzMtJHe5dp6gBE8gAmWQZS9aWSJKWJZLuZbcAHyc8fKF7A5FRzndV3Fjcp9mMpgMPHvn4gk5fJSWY6cVEGaC,232084,232088,3,2108
3EhCVgjYBEvuQLGL7hGinS5cMnMCyKJ2No5Ht8u23s3z8gbTM5yeERLsLsdcgkMi3KhMjBD3UnggtaeKRkxPgtB7,232085,232088,0,1894
4o9YnVKgdLN4vxQAEkJbiPERhBE3epCsuS2bMUDniV53T8bGabv7GLqU6RwG5WrEvAB5Fn2BfthQwaNf5NtYmt9Z,232085,232088,0,1747
36ZxUypmdNfcomkN4xUkD51e1eAzA2DsUVzoCu8MnFyw3ZpwaNJQmN79AyWEPyJoL98o1MDgz9kccfNMSHjR874k,232084,232088,0,2083
3hHSiYJER1sw5jnGYdQZrMZiToEaAWnnLFMSVVNG98r6CtCV9jykFUXyEATTbHAoTBJpP6mEH2XgoFMhwtvEd9CK,232086,232089,0,1823
4vrk9XM7GL2rGHweP9mKCCHadNtwFrZZe5aKFKcg8JgjqiaQpJJDWBbg4gBUo7oNHb3pHEAeWTqyxgE44j2d9tD7,232086,232089,1,1658
3aw5M2kKyuKcG35shNEUpHwEYNU5ynPoqAukiDfyhta8q8Awbor2PJJg9weSK5j1oznKsJfrYvLmYtG2GyYuvX2t,232086,232089,0,1680
2W9bubSBiAg1rkQNDR8BRUFNqBheJ7iLNjdrEjLuGqxudLoZbMxwUSGUYsuttLpMhoPSRAjmBs7n3ebcf5cdkFKW,232086,232089,0,1729
3yENSK19z2AYknmucrMmkexhgVak8X83tvcv4stC4JYDK6MgnpymBAFquMCmceU8a9EKwPjJK4XXyLQZVcfmDYj3,232087,232089,0,1361
3xPR8y7UVDArRaGV4nHnPGaa3bbZZ7pWdaRhNPc5nYnS1jGjnMTXERC6xzDRPLtYmc5GwGUyz6eHi2gw9DUaopi8,232086,232089,0,1748
65Xa1grk4JcMH2S48cp9rpKP89V9S2iQcrELSktxnbfCnXr8YunqcFrqiyccxJhhzYTxsTsKXr6CdP8YF6aiS8Cu,232086,232089,0,1870
VYz6ryh58fP4gV1XyGi38htvPJ9jccGcKGGuuooZuBTeWFSstEbGq77qgWT4ZyHTqh1PNUWaHyjtz3hVM9J8Fko,232086,232089,0,1799
dRydGNTKwTtgXejnGTtYsKMhTMwaJkcwRiL8EadvwHfxwe7fkGfkaGFj6Y1pNgLnW3fvsN2v7KxiZUVAeo5btpn,232086,232089,1,1827
2KMpD1joJCta2s2wKBsHvRKzrjNEE7XKuYuzNLgcsw3Sfirydzz5GMfGt1Gk4yE8Qtp5mZmkRffHbkG56tAWwAtS,232086,232089,0,1809
3vxdmNNhDa5e2zzMTeFdBxe8KXmoUyXKjchdiQDfWmDT6xmXZRjPVtjMjrbKvByouFr2ZZNPVTdSnYrUvHxUWGyX,232086,232089,0,1744
uGsm6QVgYVPajbAh1rJApLNP1nC8vwyBRHc38oT1PZx44r1ypicwN8TQubQTJeDtfdBn3asbN89gt3FyVC1v3ML,232086,232089,0,1749
Fjwb5RFPcxWM8gRomsDsvgYnsXmKmUS42DcsM9muybP6xjhyf8j7Fc2kWEYLMz3UjJfNmNEQDyyBiqEdJP2pmZo,232087,232089,5,1562
ehhuwzjnCgPjezbY4xCVTXtzuivGNW7a4YYhaBtjWGygADQqsngDwr23NvXg2oud8z8PzEJJb68LmXTvyB2i4BS,232086,232089,0,1758
3bYhEffeth68j4HWD11DdyTLVh8PrBCMApzGh9fRERz5dw6ShC448t1xUnPef61S44d6ceeL1voi8kih9aJYt2r9,232087,232089,0,1454
4T2xP4fxbaW5tWyNeTNZpp1k9i4Cy39FeuGokp6haiM1ieoMgCjRrmVwEUTqmYJi2faAq5TCTmAco8nfTKW593jN,232086,232089,0,1824
2HLrLnij5VdT9Q3djUFdqnnRyYv2G7nwYqnppyRtt8iRVfRUwMVkovwTkPp3T9XUMSMjf7D94bJn8d5jAp5uatxx,232087,232089,0,1555
3BALokXkxdfxnfaa7SaRgHJHPsdMnRXzjTtignKbR3kYSz1LbPytaa1k8aPqQvvCw41bMVpGZDw7r5tkskXuwwQD,232087,232089,0,1351
3uFPTyrNGsnB8VkF3ggvH5PdRkZocArdZtdh5y1nVgNRrpz877vYQxTV1GRbkpRfV8yegr65CMSj3vWPMq3r8vrC,232086,232089,1,1802
2ZZU4d7mmCR6Qcq4faUiRDsDQwXqfjWKedDArQmaPCDd1crcWK7Ww6GURmThCXvqGqbmebV5jdaLyXHLMQdrqX5Y,232087,232089,9,1363
4L7WwXK8yj1BR84UgNcQEaghEjtAxCU3k3EBxxJZho6Vqnx2nnH4cpCJCn25pZVr4165gmUwNCnftRWFY7rwbKp,232086,232089,0,1743
4MxdfYXEZFN1sBfD8bRxaQT84pXhtaFbrQBWKxjjrvaC2J73RC5whS5GFThHVkvC8JAoxfVz78qAj1wV8kB3wS7P,232086,232089,0,1782
2aefRuXTaotc3nJFbr5x8uwZYAVEiD1f81111wXoYvCCFs53hBrPuVkq9qFdDLQB6B356isfCgJ9chDa6GgXaPhz,232086,232089,0,1743
3Xv6x7xPfmDEGhNHGHTDNFEC3LL41XdEHUqn9BFbjkeCMQrzD1kxLxC5YoPvLUr8zXwRgn2VcJCz4QhEosDXLqo5,232084,232089,0,2819
2rYb3zgRJsMBnYa6QKeA3szu24GDs4z5hJfAhshKS4wjFUSTwdFvDaTRg48e5stc2B1whV58rW9CXfp2EdDF1Ta5,232084,232089,0,2727
Ssu5q6yXpiNB4jx3Acb6dwBfGdEKq85cbQvfUxoVqEKMDPo1wWWkAcq7ozYUcJXevY8w1bmujjJEwY4aSBiFQ5b,232084,232089,0,2679
i9sLFxUwo2hfCuPGyC7cYa91sJjXNvGGYCCoGDtk7dYjrbv3MZStaxTDc3MmRXTCn5D3GdSsovXcKMh9fmSFaCc,232084,232089,1,2812
HXJWWsuQBv8EicXJSEQGQyrjFamrkA9R3gpZNiux5WJpeV48ujC17SKnis653VLQbtj5vTkFnptyeyXEMWBEiNy,232084,232089,0,2766
32kqCGZSuZNiiMWL6UnnLaZx4QYYjB6S3J5MD2k8L545kQkgUf78mDVfRqEEKdaaTrSH8YiofR3GUBjthm2QDqQg,232084,232089,0,2765
47pL2ngUMQCMEEdkp2z2gKAurLZA9X17MnRoP3F3q7JkGnugLcqnpPMLx1xw1fDUYah1uMis7krFTSYReZzkyj3V,232084,232089,3,2792
5GMfJ7YCodGThwsjcR2JGsnRc94BZ9DqnFgcZJtCUcHoUDDT54F2UVTQoTWra2zAM2UisBexmpzvZDUu8Yj1ArFA,232085,232089,0,2497
3nPPsCHeUgJJ6tStYoaTo9AwwE3n9i7iZ4vWoSsbTRE7PJ8fTycjNHG7KXnM5PtW5GUmU6deP3ksEP11GaKptash,232084,232089,0,2722
2uQN9MEs8GeQiMb4mSd9Xoop9dZRR24bouXURdT4rSg3JT4EiqUUfUjjoiXs9tSrVEVMjGa1RBGD4Gt3n5yqw7Ud,232084,232089,0,2610
5znQzASURU34YYhjLGo9nbFexqb7J7V2s1PftLAebxsY7pmpWnNdiXeb7VMV7fiVTa5JnG5bsgpuXGp3hKM8bCb,232084,232089,0,2756
3wjde7RhNFmw66ABjKLCMpHh29qVTrp9jkkvsCxgDVDb91CSXWe7ZzLjam1AS3dQGwxT8C2o3LGfVJZgEC2GJCY3,232084,232089,0,2756
4fDeufUbGGTHzkqvZWexXHW4Dc4QgtjQM3xwXNHpEVPXhmAnZd4KjDAxHECDAzpRvqDNCAvzRq59PcvRtc9N78MC,232085,232089,16,2386
GzLdrhFu8QfVCdime9TzZqDAAP4CP4xmTMa2SsnTk3Ax6BQHoCNMn92E6bg9QEDfHrWWQD5PAztp2jK8r3Nftxn,232084,232089,0,2823
58RtHqgSKhfvckBmhNQWdoHpzpZkVno7ZNYmzTrZMji8QXy7wsuXPytsrHcnjd7MoBKBgd7hzPobsmMHWS3J8f7t,232084,232089,0,2606
5ntVAqwNEphsJrAGkGFmk3TwZ7NesGHjwn9cWpgENWNdcbipeSfY6BU4Q7ijLdaEhCLvyw4QJNCRaUeGEBaCXz5c,232084,232089,0,2729
2zhZn4a6SmA4tHgwHNGXgFuS9V8mBFnaaqWBYdUQH7etxGkhqZajH12BzLaif1CBdC3jXcwP7k8eSmpyhap7pWMJ,232084,232089,0,2822
65jwFfRTyDwf8yXG5DCYG7JC9swREndEHRX7b1f73tQ7P1BkKnK4jCJHdpYF2WwtafAKpG4chMriWh8EVNaAPF1w,232085,232089,0,2493
4W1GYqh62Na7Gfby7kGDSmyVWStbuAiNbHSBpEFv2qPaSxpgsuxr7EPfC6cfMWLzGzVZWK5EvKbKAcb7jFj2hjTe,232084,232089,5,2701
4d1tqcX5HNNUcQgu6UeqTVQ7LccuJtp8vytJojZdU5jp57KyNUpJ6BVYdxS6WY6413EEqWCFuoL3aVeWg1vqBaYm,232085,232089,12,2595
4eExVPAsnbj3UQRuVM93dNbx5sBXfAWpTXyqqFmWbwvxbsxxvNfhEQ76Ba9WU5H8DNup9mZKZtnb4X6tNNAc4wBZ,232085,232089,0,2403
3NBcUqTyAZ2ag7oWKyUGioxLbXJfbvJozg6ibVFjX7zAoW8g1NSZY6vajw8bMXKmXVd2EW79sCiGNaA9AVdiCRwa,232084,232089,0,2713
3Mv7NmW4rbfUV6PL7dWpaQhcu9egCpPhL9vBaTCkEjPJwoDsHqv5DX7aFftfHNdCMEG8dBKZgTvhep3yFFnvYzFH,232085,232089,0,2406
3P4LvnMKprMSvd4wC3zD27Fff3qnqxFEb2ShVB6YUnZfTwk6aLw7dLRK9rF5hMAmXvWGjmJzp6ZVDvmVBkhCw4q,232085,232089,7,2384
4GeHWvqRLUBNsdxosPfF6V9tfExyqvtPvbvWvwQtU6QHsxUAudkWVg3x8aYidKw5RLUNNZXC7RfnzzBqcNFegaLu,232085,232089,0,2402
4Ki5ZYvdNaZZ3bky2A5ZHuxwLfDBZT8umDjWaAyuXKwCBPYgwaXFQACAEdQTuCe7uAVRSLXoXGsUEwCfcUSo5BKs,232084,232089,0,2790
4eAWPss5H35noBTKBPoU4pvaDPDsTPS2zvDL3ypNSNV27gVpcF6cYTYge8sgTmn7VHTkkGixQNwVbW2PcgjV9ggw,232085,232089,0,2404
3ZypPSoZZKx5BRhPx9MFnoH4Yby7aJawmEXxnXqGCwz6xdZZQSMQzR82eyX3Y7LYqSKN9yaBvSrhom2se4oHzofE,232084,232089,3,2754
2d9QE4BHatp7ruYrMEb6gT2gGuHqf86s6kehiiwA6xMZus1SvyFqjRFar7VSSJ4ohWMPduacHHxfvmYcB9ifrMsz,232084,232089,1,2665
7NyuQZ43EUk5qKwYRcjCuWwTR5voHtitRDd9UPWTrTzknp8NUoBFfqdT7dKRbj8PgQqqcmrcWamJxq8oACnHEyQ,232084,232089,0,2760
3wpjZmLsymYeBFcY9BSH9x3oFzNvkTjxNDUf9m2DiUiC2CP6KZqv6jJew1zY15BFnmJdsw62dkDMUUmr431B9XXW,232084,232089,0,2731
2Qsoew86qstkpw46ZYcsAYeKvdGPEhTapf8pEMkpKv5hs8toKQVDF4PsCtYJ9vDZruhQ2A6dqDPjqo3Q7QBqPA2P,232085,232089,0,2500
5XBEvrjsa5azc9gN1pss5jwXbVYgVPJ8uigrfh8psRpF9EciM6x4oyHfPjChzv6nC6dhWfAT1E7UXe2oNGcWGbzD,232084,232089,2,2819
JnBczsGAERF75YgQMRfEVFiArvM3fmi46BYpw8Fsd7PBjfCCEFsnntWo66pgk8TY6GuJKQRHfbRjcaSjZRwEzRf,232085,232089,0,2509
917aRM6r8n1LXhB8VCmg4qTUUBL9DrpyVhZe1F6b5pUr2Rb2LFRfHr4hkT22UURm5uL2VzQqLTe4bErPszvAw83,232084,232089,2,2823
5Q9H8JzV1rBamwncprc9xS13cRgVMT7647gHZkbmjPZVQM4yr3JCfzRcP1YLS1JSUVZ6qTVEEdRqJSoi79YiPuiB,232085,232089,0,2495
29kx5dxQDtEXhRFzoKwLzFs8CvRrgKWAka3koyi8dWAPRT5oQqB7nQQ1F8D1YYKRMuhSGKDSr7QNKYnQfDQ9RfvC,232085,232090,0,3016
243giaW774JjJ3iebUc8nMvRt7eFTxT1gHpUx2ABWuwHsMzSofHibvDujtpD7NJ2P4WhFyrAK6eTG6sMVVyVzBE8,232084,232090,0,3219
4ivN7MY51kYc1wDWNk6684sQwi4Qj8Cn2URTxUA8tqH5M2CEEadwrivmb6Dh4GyUecYbcGKx618kdtphx9zQ7eQU,232084,232090,0,3208
VhBwi8znKi6fewRJiEDKkf5RRVALfXXCx4Nqtey5AumgjGuffbbdGguGJLnngT1gURbS2rXxP7Ga1qB4MXYn7z8,232084,232090,0,3216
3BMT86NLCju4MyeJjg51tQVtufQ1xW31hP5Bpwh4X9KBcpBrTHL1KbChR1N638TBU6co8wYG5B2pnRfv61JkKnTj,232084,232090,0,3207
2U27NKG17enaAzutoCy5zU3qWsWpfJAUvobZbXHvXQW6TE3J8MVFw6UuBNmY5Y77xDHcf4u4iEFmmNoeTyYLBT25,232085,232090,0,3015
2ay6dk9dUVu54ijeHgEf6XcpLZkHJhtgCGhY2BcoAwD62k142GLdtf92fwjPj9ugzQaeCbPbzJ8z9SvCmWjs8t68,232084,232090,3,3262
4b4C4gfTUof9mjpGR2ck2KzXKijiTSWq53q3qDpdEUvBYWXcPmpcFtafrWc3VCKdEWDNccgYQqvfZHyEiHJzcDrK,232084,232090,0,3290
5tFSAg5gQGzmzmpcCNzzAdSXmYMJSk6eXRa7tf5A8XsMwpKrRGzyfmKATsRtsAwa8AV7Rge64naSzchonqqj6zvW,232085,232090,0,2893
4pmumGurP6c5h4Rvck5f6RmzB3ieCswAQt4XyVVSE3fmSYYAJXEnkJRTbn5WaUHoagc6h2NG1YkHueSTASyzKgwk,232085,232090,0,2986
tM4zP8ypfCuTyZKDWHtwKamKkvcfSFW29ncs1JRB15W2Zy2gpzciAAFNEJ4rSS5skjXaMS55YH7VevkoEZJkiUV,232085,232090,1,2871
2g6y6SvSN33hbnabpK9oRXPLQhWhFT4Mg9b9yDBL1CtxDyRwGSjFR3pac85ok9T8S2B9Jvq6nCkaNvN2kuBJKpHh,232084,232090,0,3157
5AU9qxhsMiJUvPYWz8uvB5YNzKoj3bFao9ECfkibBqCQkKU4rWgWr5N6eqSEWtAbWiqzDsvcPADvs5zSUf8CkuJQ,232084,232090,0,3225
3BMW5NVZB4uz3FvKATPmUWh5zG4Mq7X2r641ZAM9YTzcYYH5qg2y2PR45CKtPdMEzzyyu6xbbkh2bhxELGS3jD4L,232084,232090,2,3255
5oz7dKgwC8w4y7KkY7fGbEE7ucg18LxZ4WUa1VrRWXofotPDoEx29wPXkGGaifFQvodzjVpXRtvxJYqBJu8RPj6g,232085,232090,0,3042
o15NFQEsSVnZ4Rvo3CZNYNmkjx6pwsCEigFWbYrpDbxGvbjzCWEQCazVVkCGXLNAhuocKLsea3Bv4WS1qrCLpYb,232085,232090,0,3018
4Zd6VHtDcFCxx9x3CtizpJjpi9oKDRL6tgdDGReHg6PgSQHYdSAmgEQFAjBLvaTkXcQpitjaUZvCpM4TPXrZZxPq,232084,232090,0,3276
4KMM3hBDj3QmeAtD6emkAPJch2eKu8WTspZeAjtJ8u75M6gxUVGduY6tK7cFJup3HYDFhWP84V8CLg9PxnwnWWN,232085,232090,0,2865
2QKDH9xFWVxQ6jEeNgvov864PREtgwRWErBLebfq2jBnVyyCyhuD9WVyVbqkVYssanL9i587tEZfBEYfe67cj9J,232084,232090,0,3277
35jfzJpiV7WvNUYXeAit8g2gB8aP267szeVPyvLgXveKPVLXAhtSCjftCnUTbGePf56AZwyRE6DxJz37Wk4mvBLr,232084,232090,0,3207
yVK9JEdZEP3Yc3jE2j5VcJ71ycwkGmTVw8Ao3mewbvoxLJLydMg1mEhs5NbfEi7TEXAc9EvMbnTx5WihQkSRQDV,232084,232090,0,3224
3p3kxgxac2isLh4GyojgKZdkWTqWDamXEnvMVvbBVEdg74wf6PgUwSPPBSVG8V8gaQP3qbV1W7sSz7YJG69uwYUY,232084,232090,2,3270
2NKt7Cw4DPeJWcmbSBdsexa7LVxZm2ncTGaRNwU8LdTiYutqUGrjp4oA7RSmRnfuco27JehNCKA5ERDBoJpSjxM4,232085,232090,7,3005
5WhfP52MPttCcnjTGUWHpDG77GLGqUXF4Y8gJSXUV6yAn95KA898jPezinj9yJmqHRMpPZVe56oLqyoq6cAQq6Vt,232084,232090,0,3224
2e9BAJLn1nL2VGacac3MzJdrqqGeQVXghfSafTP3kKpQnrVDXCGJLkKQV9yEfQ8RS765iyLh6A7cZA8oTghYk4rP,232084,232090,0,3205
3dN4veaXcdtVJ6HfMCxCMEHaqmpy139J8Ci2gPmtfBAyVpxPNFRfqcDvwSciwfeifyFKBCRfttjLsyUkwqY35GX2,232084,232090,3,3255
5LkRQDxcm4FXzUZ2hHYfsUQLySbUWw7hx9a9pMSprpiCpRif6AXznNUDwiz4gRokZG6JJdSL98zgz1Sqa9pS4aGF,232084,232090,0,3209
2Tk8Ebcn1RgNJqPXnHuibf4Bha6WuHpiHKtYsTqvQ9MUYs866Hptqz19QpwihGPPSebzxoRR5efkXUjtjFzFM7Jp,232084,232090,5,3196
3Cnq5rojgiFetPcSK7P9Y1E2Fqm6XfFtcw4RszxcE65xAt2HCYqrtpxbBs4sSc8L472kySujYSZsd6ifck7ZmYX2,232084,232090,0,3270
4tDJTXZRLMZExqDebpRNjLy5jw6vcAdkMYSpW5R1um1tPY1o1uM6Q6ABky6qUaiPKuYBx5tcCarrfoUDyVRwh7jC,232084,232090,0,3193
5FBGqRTTxsAvESNQ5xCRuzAjXxr8oicqAidKT7G8LG3DNebU8Z7qsskv6HG1yjz6fj1Nkft4HbnbD94Q8TzCWtm5,232084,232090,0,3210
YScyvxG3YKw64QV8XurtzTyPtinScLNSS4zaLr76AtcSBapyEPewjLjzesmK3Fu8zS3KY8xUbRLuqLu11Pa8pM4,232084,232090,0,3221
238R4L5YWpaWtptPLoFkzvGYR2m1yEe9u8xubdahZ8veG8FJaoh1nNxTvuqj4UmtjdkfNGqodLzHdVVYagSYAUgi,232085,232090,0,2976
2q2nN5Yv13jQsVdJoJ2NEW34HB2e76D6WHKpWCibJG1hpH97Fb7h7Zhb23Zt7oP9cSnvtDsFq9VDR64hjX3MABAh,232085,232090,0,2975
4UnF1nmKf8uBFg5CzZQkXcTgvLWyDefAXTrEHWBt58YaPyafTgLxz4mrHhrReg7Z3zZX1g2RzGkYmUV1vmSU2VU7,232084,232090,0,3267
42ERN1sT4fmvRQikfFafbct8TTkiCGPZm6twzSS39m32R5gB3gJcBN45okhpLNz1B4rzcUKXyxcwwMturL2G1J4m,232084,232090,0,3202
4WaXX87zqri3k59GpUqGdm1qFWQ6uoJcdRneyASLDZJtFRLmviwbAgkhtHa4GnzZ2yJMgZmg7LcrQx7amVPvUyuX,232085,232090,1,3050
3wTySvjVH5fPTV3PTrBqKAvofgD4HhMc4C6HwNcJAzuWM8nnij3M6z9oD8BCXSQz9cvUUdmvbs8r7cYbPxDNAqUw,232084,232090,0,3219
2bZsVbyN54cSHuDEnW8NuLpMyLG1oQwL5utuzNibX86UuDbHPFRj7PkT2j6yLmwgbgPUdqjFwabVsQMg45Ex3J2J,232084,232090,3,3295
KdP5cWFVYRDsFRXchrm6RH8WnzZvcSZwZhZfT7FVH8RBjxzN1hSCKhAUB8dQXmZHVC4bpaabtbh4zi4p94N6g1U,232084,232090,1,3207
nnxKJN1uaGsu3TALim3zC25SzZoK8UfFcapPWFH56vu5vnWhCQnAyeprmt6RfjW1urRWiyd8WaPV9N4i4FryPhN,232084,232090,0,3156
2RoSFpuGMdfp2arpm41LocUsh3mRb5PTt79WLAEtNdhfFbkfB93rSskfCxrwAERQrwxiNxWWFgC8chKAzQB41Gw6,232084,232090,0,3274
66XR1ihvZpeM3HKkoW1RuyeEiJUo7GUccnytQVkGyGzA7emKpupB18PWGXFVjYaRwhaovqVS69n7aBycF33n4Lrt,232085,232090,8,2933
21NEu1e5dwEQaMgYXneUmDE6DGi1noqa2u5tBVF5VJgG3aT3qXr4Qp3LBQ8H9WpRJ2YXKub6645CRk58NDq4tHvZ,232086,232090,0,2160
5buNiqdVHQ9Zmgijgrxe49k6oZTYm9wYjWpAYNnNRhn2fRNYp9cgqn3Uv3xTryoH9ZWYxNDwzbS9zzaxkaZrSsZ2,232086,232090,0,2349
6723U26UboAjY5XKhESN44e6DqDbvcWLELecV3c9vkEKapTvJUawPWio1YznASGDN9PUQQN1T2b9T83evedQd6zS,232087,232090,0,2062
5WtU1N1VQFP2uenR22PXpPBfbyn79EMZnex2VciFN8MB7W473Wdh7f89kz4dTEAjYbZVrmorK96YanXiiwqhYrpi,232086,232090,0,2325
3yuSCoWYoN2iGFKcmJtsBTNDYmii5DMJ6uaYBY2RyEwtaJgT57n768ZwdyFLPLDY7SSDGjbrLDmHbebFQtCNMoP7,232086,232090,1,2351
aJcHqd3MvciSDeNxpNKHaZHULfzMC3Edv4FQM4hHPyvgSXxnZ5sh6aYvbrC9mXELJtzUcj9THc3coBv5Hc6omLn,232086,232090,0,2299
52YD5oZuzZC4a1eo62rfe1UTzaGJDpYzy5j3ceSBCBPPQm8vXfU7h9tuvce5zBP9RNNW7GK5CASBbQyA4wWEW1su,232087,232090,6,2019
4EJCLvTKzhimy8rqyF5zSJCGgAAteGhFLRvtt6mrJQxjHfhxGGQUyjEB7LvbFcDq6zawn6S6ce7mXKiCUjjd9iVe,232087,232090,0,2035
4GP4XV65xikxdhKYrisCUNYU28d1yUzTuWo3th41RNQjm2v596cidWM6kZVsNWChHPsNXjAEcfsuuXRccZfCmJu7,232087,232090,0,2058
DZR5N9PwnmECo9AdqsLEhPW1j7scdsWQdvPLeWgyMBWr5eHA2EuktuFa22jXRXdJaZT1ByFDhwsnVLimsdYNygT,232086,232090,0,2298
4stR9AHENm64z6WEzLQ66iBKESe6gfSgwnGQwxZZpZRb4e5qSJew4jo92vgfANJAEwMmauscjuJYpdzCdUVuH5eQ,232086,232090,6,2287
3yLpgH39XLecE7UA7QruPLz7ZtWij1cTgJSt1tcDLEgGCJSZZpHddmb9jtvm3Ue29FvonW4FZujFbYgTB8SwJgr8,232087,232090,0,2060
46F6S2nM1Fj9rSd1BkjptBs6u8ZmKYHK72jQKM6HME1Rk19H6sYUuzRv7y5tdcpv7aSXs5ajw9e7JN7V3gHf5rV6,232086,232090,0,2358
4eo1RM3HXQYDMnntqEwB9EhJAZgMqKjedCgz7NCaJLFnFSeeq9zjkJCTHak8FXTVXEMgSKiztXAYfVRsxMCbMYY1,232087,232090,0,2039
5xYiW6cVzUxmFixGeQTc2f7QGwyAWPnXDPh1tfhvMrJUPhdUg2u5ewoEMT6HsdsjiLEUquqBBP9oGvE5HpVYKcr9,232087,232090,0,2006
634s2SUXuzPp93JGwopf8ENswCRvfeERDZJZH7Gga9gSaJQ2C8z4zP68UvQKaQFkhMgZ4pdxMurbRyoBfAwiFTew,232086,232090,1,2353
2vuNkK2oBVMyVRZytJaEeGFkotAtcSB3TqfKfPo6WgTkXmxYB43bdLshZk2bRoCUQNmrr89NytfuX2b1JNGQ1AUM,232086,232091,4,2689
3pLYjhNaZCxSyVf4FcrWxjCGEnkzupmPFVppEnG9iZXxnRVGD3VC4umjCMnQfeyNgneAiJJEc5jQ1msksnouLrc,232087,232091,6,2587
3YeHGqTfPkqxhwoJySDrxUnLGSTZjdxp6duFjx34BoKgu82LJfJqsuinraiQDqWZZNzPmfpigD1AZZD5TrfiWooF,232087,232091,7,2528
jCVpiXcKPJvTq2d3FBJq2gqJpjHFetGD1KUNW2q87eLSYp77J9mvDBAfeEuJizVHg6tMnTrkiaF5W7UXNKBYrhc,232086,232091,0,2726
2wypRem366PxJnAQ6hDGxWExPFusEE3vFYjtHJwLyjAUwhpCFoGZA81xARH3hNTHJKfajG3x2rNS4SyhauhwoB3U,232086,232091,0,2735
4BYRsTMANcZQ5h9AJBHkU1FneHZgG2msQsTkXdS2FbNYsgbU9Aa2AeTsDSa1MC7PRTmvjwPGQQHrmkdFfEkdZg67,232086,232091,0,2727
23kFLucdCx9PKqegrdq4ys53AsS3bgLHwrzkVPja2E34SN2ziwu8Fc3g5udEqMaWn1TpP9qC5WjHSUWLUxgEsAVq,232086,232091,0,2734
fTpgCJ7LckYavwyEYvy61RtZs8ZnwEdduMEHuwR8xgmeeNH7Tas1axBiShjMPUyNwSm8EVQHAdxfuQ3Djpauane,232086,232091,7,2870
4tvWn2tCV4BTw16QYjyxL9yFyHuWPabEEccCK1yPPHxcSDxi2cQqecc8vFbeUcbGkjG2gnd3sFJDzX6VSjtpgpeY,232086,232091,1,2842
2ZLb6X3bjg1zY5Lq2xtfx7HTq9RMjs1EzpRThU4qKjFaL85DQoZuPye9FSZBdHpmuS5ZoHvpQ2kjprg9Sua24X62,232086,232091,0,2721
3LCjzcrr36NyMx6pjVHdegkEMvg7QcYfLqTx8r9mwB7ihFyiizjmG9QVNUiS1moR3tSoETcLrufjk3Y2sizxSyNu,232086,232091,0,2759
qT34a6cpcMkvZjqikCHfnkvndk1yYxRnGSVvDxDT2n4TbmXNSuskbeNQJzZD8WoXxX7J87gUkkhePKVyeN4fkZx,232086,232091,15,2877
3ZtmF8yHjQ9J1RvkgwgfjTfEBwiisSbxUtjKtXm25w7UEYcFGKrvh8dgGhkLLQ7UVzfpRsXTD55NiLy4YUU45L7F,232087,232091,0,2482
34Ks4AzY9LgVk24uTpAHqyypcGaSZRoMrumTFptzkv6s1htV85n1ELkeTtN89mF6pm972eo7fyzLho5m8T4t7NYA,232086,232091,6,2651
4NiNpuWtJWGX1sZLDkU7ctAuLDohpG3ZK4XQbU78HubdJ7nGisKDzN3yYpPkTAW1iumjgAY9sNhcZ1aRPH7mERYW,232086,232091,1,2841
5W5AELz5t9x6VU7WEWknsRYKZpg6pzKf3gMvAq57X4PrPT6xhoXXAiMGfSFcCktJbAQLPPpG9UjqHXXpg7iFXbgy,232086,232091,0,2717
4Ln4YduBhraYTkttbfyKN8cZzhktFgeesfRYMciSJqfbg3yB9vwCpTDio5Pb9ZxucnWZGNGLgPdBvX8mKMyjVQft,232087,232091,0,2378
5MmY22eJp6H2mbCsXxgAQpCiK3HyLYFb6Pq3HYoh8WBjQL5UTEmm6jsevPNXT22P2ArVH9StP3vjvcTw2MrrNwzM,232086,232091,0,2740
2AoV7cc4L4mdgjfgubt2BhhiN7ahsK4saGKre4ibVg41ZrpmuqiMTaqzw5APC97HAzvqk2ogeHfcZvMSGgdS2LgL,232086,232091,0,2744
47cfcTB7Rhu4sME4uiz55DFVQZC7ovXMfzbdsLAucrJaPr9yAM3Y5JXs8iwNFCBppQ2ShEZkXVrTEVvGRMqvPUoQ,232086,232091,0,2703
2HBfMkGAn6BPju22kperyScsPKqVgPDR3Mdxg3UNu7fZvLS17GtCjDwAErKVzN1WW9hLysgXqjjxHsU4bUPESxK8,232085,232091,0,3513
4oeuQWSFxuoqRt3h8cjzkepCWsdVz73mP6MKdPQUQumXJ8oGwXnF7tKFEUEUrY5vv1aTS4JjJZNM27ragMNvw5r,232084,232091,0,3662
ABDh4Q1BJXuDEigEKX5rZRECNmkZY2coJjARWBTse4PHX9s6ecv4hWRhRAiwNMzZdVV8JMDj6babUWYsQxQAnMq,232085,232091,0,3352
4N3Es8Ff5AQnNkNeH3UfwmcjymDSuNX4ekeDUUBs3Xki364TDUNDyKv8DNhzaaCBU7Q5xKcaBPyseE3ttFoyPZpq,232084,232091,0,3714
5gREgy8ZEduE3QgqYs8rwmBqC4z8UkWuda1qhv6LG9deMxoryyHD683NgAFWZRKaneMyKNVbx2HTt94XC5dKqMGy,232084,232091,1,3785
zoMFLRaUA5Ks8QL4CBQXTABdcMmZYgACDCjXqFb4kXy8WkCvPJECHBcLCsZJJYFUaf4X9YM6rQRtAyNWk5dv285,232084,232091,0,3689
3h1XwRAnigp4GX3QXB8mNFZJMPAkisdw5racWJojkzsntTPZLiyQrp8PLJGUUkekhrBwBWwMBMVwJKjoGGHnQu19,232084,232091,0,3661
3PnrMfm4GPincfg7Ecst71d829k1qfS98g5pDq1BZxUi1rae3Ts8ZzPCqcXJPBhPkvTSFWQAE6aRuCZU3SsMsRYK,232084,232091,0,3688
2thSkrWUXLSDgubwMd3ocpfjnv3qQS9NyZxD1TXYTi3BuHEGhiR8kUXhw5yMrniYEY15Qc48DjRChrQPfY9Vu2QJ,232085,232091,0,3511
2rY3gAUknxiMPpqvW1BL2HcKnfwdkYEN2PYU7rE661oNpxyiXCTjCDg3cwtSp8k2Kw7TGVa6XGncvvmjH6fbWbxb,232084,232091,0,3660
2XLws4G29YuMD7VRSa2N4xugpucLiubNifDExZc18ezvuWFtiFwRAdb1A8bkfRqFw5boqWqpG4Yrcr1vtKHBP2DS,232084,232091,0,3683
QhYVpGQkKvL18hn9xmMfzYemAjXTF1oeYGqz36X3DVq1C6DD4vfituQF1bdz6XAvie3y6w84reZJpLfgDQBFm1f,232084,232091,0,3675
2rxeQcoZWayXwuFwoyEdaZ4TicAq9M9N4KCe28TGELYehWou4ViokKt492aLbKJXmMJQfQSQogNAUGgb99dN7nc6,232084,232091,0,3665
4miA37yQab5iJoSeo393RmJudv5Jza9iGrB2MwfZDCEafYnXYCq74Xzi9x8AJm5DtCBKKF6NRDwCvWYkVMw5dEME,232085,232091,0,3471
59YsLd69viEYVpYKFP336FGXNnLqdD7mRx7E2qy562ZP5ZrQ1MjgPUG6fUWfsfPKwrVyCeE1w3MYDrHFon8RxvHv,232085,232091,0,3354
4zQNi7JAN7X8qNWEbgkkk6ix3xFZU3PRBa11W5ST5TZRjoSnzTZBejdgW6RfiTvGdwp4BWT55oh7HrKkH4NA3TGw,232084,232091,0,3705
4huddf8DwXyBfeKgRkpLsKt98bgYYj2M9r2EbekZUwa2KRyphEVgagYvDU8CzwdtvUPXsPKc9Nifpj7WCNvt9pEg,232084,232091,0,3668
5n31MB9uYVfAdpSC4SMBq76V7x1NdLUWgBBq8QLBZH7s713P8Wmrj82s7NCFVGpjeTXwQGxWiEY69aEPsjf4JS2j,232085,232091,0,3311
44a9KaDp63nsExBh4VLfs52LUFndEfrPWqarDRPmgscwUWi9dWFairgXmaqMpDhaQureHpTyQg2BY4aJsQYqKAg3,232084,232091,0,3787
2rqB8qz5HwCcKqdR1qneTf7bbEYphwh2VCygdY4uQ1bSYCwJWWX5KA5ZPSyWm5FBCSCRn4C5vqQ4qGQYLPZATkno,232084,232091,0,3703
23pUNVwToNZ67xqe2hiWm2gQ1cZRYPBRnN9UYeXKtsUtYrbJ2BvCFSFUvugCDkuRyjdGsc3fno6VKCkqUTxsa7Vj,232084,232091,0,3669
5XwQ9L6UMaNcrYkB5BVXWu2oKYdJh8CoJC4GnhJA5YjakEtny1isve6wrpnHS38MQByAES7FAQw9XWpZjpjB1k6w,232084,232091,0,3685
5324Xh6bTbXbCs4Srbm3wSepCDyV5x9QDD6cmvxwtWU3SZpX1ya5jRuSSPak5MR2UTG94ESAiNzrs8SmSimpj7R7,232084,232091,0,3654
4LczHKoWQZFSoYpn4HLR5RtCcZ7JdLGy8S7wpYSoLfZmuFvLKatfNvjfHJPfjQU3291EmFDvsFXyqb41RuEwzFxq,232084,232091,0,3664
2pvXdAWUCxWvdmjqy8Yyw3SoXK221WUVvkdTg1wBsyBTXGXz5KeCFXQeeqyWrnUgN215mfYHWPRqhKWWWRy9RLov,232085,232091,0,3452
4t7VxWeqpSgtrkGA792wCeRcFtXpn8VsuJrpMdk8jGKeUBzDFSoZq1iPFV6V7MYg2cVGnUoKviZNrqRCpCNEFmVc,232084,232091,5,3706
Zi5G14bQNenJT7bocPj44yLu7mb9hUmnzjx3BiZQ9NhDQiVb6FjEvAP8pa85n6ji1niwNGsoBVNhGVZWsWzScxL,232085,232091,0,3539
2zEzpEbHpjUDGxKD19rdUmMdcPmeVXqmWb59cBnLau8yoZTtLZmELQBSrHB2aZNmFunNLQHjzpkLbGwau4eKeMR3,232084,232091,1,3645
3JGGDjvq5o6gYB6hNDi6yCmga1831uEzRxYM9j9vWJCAQwjuYU7M8pyy1c6XVAd8khjxRvcTxfo5HUuLeG8P4EWb,232085,232091,0,3479
3CsKxwTsjRv8BXiNKsqEDbpfjQzsSFS83TLnCAqGqnYHf2T3RC5PMXbLuzB8ZjWFdXSHknQuCY2A19NqVA9SvkXM,232085,232091,0,3308
W1Jm7toij8mxjhWgqFhLbgQdUHj5p6gPXYyjGMXphcU3dsdGwBeNTBQabA2QxezWUpq2qjoNW1hBAL8D37diwLy,232085,232091,0,3351
3xSs9tUDB2g4bnBLARv6AWFtheHJsyGjYCv6RSjAYCoaVi4FcVPJwQUTqNZAiUPzSi32nCcBJhZghhdLkUQDYeRi,232085,232091,7,3402
2vxEVrhzQz8e2XBbYfgeK8JECTCuqkYwLMG3WpZZkkN7pgRBwMyvxYiY56HKUK2poaUJscF1s9z5Zc1Wms9SQZJ8,232084,232091,1,3653
5q2VSsC1385DtuL5KTcUfFEr1hJQdABQDpDpA72FETCFtKzEDqq6qXH83SMXCRtDqV5WFNGt1FtDZj6sX63a2pS9,232084,232091,1,3684
3poZ7bP1Qc27k5WafTNtbXcY7fUmP5oJhaGNTFWEaoBpiU3sJPg7kYdTDhAF9fh7Qvv8qtoNyXsT42ySBZB7SxHb,232085,232091,0,3478
2hCih9MPLZARV25g4oQxV6tDFRyv7359oiMFNbaMx9dC6DXAiZjXTYhfFVMpSFX5uVS3GdTUNfYRpevc2z1ZVTUf,232084,232091,0,3664
3wJVrYyD1jNbaUJvfZei7QmWcanAxiKHfeLbbreHPfWjrgTkb9T38ELr3L5GGRY2mycFGacpAGxnDtqtpxoiKRnM,232085,232091,0,3362
2LbyZaybU5otmZUWqeagGU8p7URYnXA7cTWKrc7in9MukNzH7bkt6hsvwHy3EDuQ2SFdm7BNBMbDuojz6FR55gS9,232084,232091,7,3592
5EhPrS8q3ZToCwwaUWqXB7Jq6y3juUDdkBdMiK1eJLi82ipNeCNQXGNhsoWvtfd1zvquCFi1M1FnW99LnW3wkygx,232084,232091,0,3630
3hwxXFkQ1XtAtFSW5SUH68W8VKnTLEeAxxeKAGNir35SYoCZrvENL13AWU5qJ4CarftdxWWiv4kKJZuiTbEXVJkC,232084,232092,0,4281
5Lb2WSx6RKhgXvPSU5GWRLEHcvFP5LopT7h4oGGo7S5RYwRBz1VnjJmgHQR9k4jQTNq6gWnknhHpgRAF9xD9kDbi,232085,232092,7,4143
5P1F2VtdCkaQeHDgCCNYRNaE8zkcqPy8kNzQHzbgXFUUxh5fhmrXMwxvhZHPTfGRCWXHSw3hZuiNPxjhJZ58mcWt,232084,232092,0,4376
4H8i1krG92YNqwxbegjgw44psZGKPapH1HzLp75iD92fFko6aWhpDswUM9an1mettWpQot997twsYbtqbM1SYmZi,232084,232092,1,4279
31CfDzp8j3SF4Rww6GVdRv5K2nVQRHHCa3uRAcvCVzMjgK6g1QTb53TfGtyhiqAPE4RT3UXPeVsiAfomdZvxMZL,232085,232092,0,4045
494d3dpWDnZ7AmwcDxn7oQPZ1LkpdDnWwVw2rbVtMjMJyzps7iNCPWJJ8jffHkFN3mNjEeiUzkRkCLRu2QV7DPgZ,232085,232092,8,4034
5NTdTPPv9ZhGLXJuomkWVMACD9kZf8LWoBA9Jtw1xXqtyZFzwtBzUaSEpcn2SXj4jyhULsf6aq31914xKg2i6RgP,232084,232092,4,4379
kLhqetJAyZxVgc3XUsbBdCznW9TBZAQ5x6W4ULuh15Myr5R4dhbanDUwri9h4Y1kr2xRjnzzDMKpDXrWZhp2d2Z,232084,232092,0,4308
2zaBiVSF8U2VUzasbhcmiPKeUXtFhSbmZo1LZsuMDoDD7GYqEW7wTCzE3btyJVCXzYzKUEzSJJwRT6nB5E4bnUqS,232084,232092,0,4395
4c4mqbWybhVvsVBkQJVqHWMDN4ZzvciZkv9CHRiFKvL4jbxCvDm6a1zBMEp6AqAf62GxHgVeezEt7TXLoJ1cw86F,232086,232092,0,3475
4m9SzguC99RE37yPqLhWhAno5E6j41hAfQhWVAFhYtzNdCXCh1W4L8LmXasNeMwUAP96vGhQSWnWrRZq7p7xzWvS,232087,232092,0,3039
4SrBCAQzVi7gL5uNe4Mxo2Hvge6GQRChu5cEwXAHbdZyRcULUXxSDZivHUBUxcRy4ponU97tphMWyQkUgFgEtVqG,232086,232092,0,3515
4dYixjFbd166GpiC1n44sbFEm2FRPKt9KwrTTd3zWUmBWzgheiKr2fmWZQBqX54eE54LTEphAt3g611s4XFn4KRC,232087,232092,0,3158
7Apsf72yH7txhfCvvtFc93vQT9RUB4pQ36WUZkJHHijqjLSZUNH2zk32rzJ57rwjfJFT9BUP5qbMrGZ5AGUr6iS,232086,232092,2,3327
Vx7QYG8VNJLLHXwiNKRjCtkyWXBwxCQemC4tT9VtGqvNMAW2Z8iXcZEzNgzuxtMFN6veRZth6ZqqaoRTHCeEmCZ,232086,232092,2,3414
2QSU6wyAWuEtZHfjHm4qRboquUxL5Lf4aHxFyFVNcJpgtrUkosggaqBwvtjTYMKDxZYYTbv1aPQ5jJd862kUXvtE,232087,232092,0,3215
3hNYqXT3nGrPwckNe8XtYouYz6rD5XS9H8VECK4Nkm2Y3YEaKPeduZ2sSVvk3P8Zji3phbNJhD48yoZEeP8G6gGC,232086,232092,0,3526
46moDoTTfY6PtMr8okHwS7MdHRGoMDrW8ToHSfVGrkEzZC6SVMVctTHiyeiwgtPq6d56eyfpmF9T9RszkMWzUeVU,232087,232092,0,3160
3GCTZgAtYjDNGJzuTCwVX67hXUAWShm7UZtESTNjC1uLd6m9UpmZJTUGqWMgtadvrioXeivZsPWX6iRhMwimtNQ7,232086,232092,0,3335
xscNB77bQz24L1XRH5q82GQX7f6NoLdtJPvEuwbStYBMKzxDptMBn38mib9tsuaV6AUp2qVZtwYg659qrXBhs1R,232086,232092,0,3391
54hiS1Kbf5R4BgePD3oauxUJfWdi1tFvk4MReQTsGhAaorq16Q7S2VqGd9KAH2zsp6ynucEwwRhRzTQ9Ky5FzaPV,232087,232092,5,3225
4vqYQnhmRYVBXNaYtSMQmVbRmFyHMZfParQ9LPXMNyTf7Cpp5kcpXTKuBn4XqQcWPJB2Y8NC2ejYSAqeFLs5zKs3,232086,232092,8,3344
2sL9mTUgukghxpYmrJinSV2717onn2NL4Rqdhza5adCN7hPWz44ttRB8dERzi4hE9G9f7c3gKJcbpMKssyCAJygy,232087,232092,1,3189
57GajKZgHYduUpww9LiTav3ysgdQ1KPXiBxpRFPGYwZi3L2r2WEjfysFBZCNj4PuvLmb3b2cxqVX7f4yBp1iA8rv,232087,232092,7,3126
5KoBaQFWpmobxiHmrFA45NBTVXdvc73Kj7qXufqy2dm916H9BzMp8m6Zr95JnMH432tWK5yHickLXBzDBEFrXGEv,232087,232092,0,3121
55RHhkFppBgTMUMzH2nB447GFvH8vENqZb13X1CmVBnJFjBBUw5S24ghq4vVP45XNkxZ8prqRmTqro5BgYVJTAXK,232086,232092,0,3313
5EP1hrC7HeWrtPiYUNoqNCgRzHpuWLXKS31a4EmS8hVZ2kLS2n574Y8PGPuhtuqPkTPVcCp44AkUY73EUSq1DNBk,232086,232092,0,3403
wCL5AuNX3CamHS9q6bakhuaMjmHGzRY3HbY9igPcmnvCs8hbeUw2mb79XjpEKSxYLG7K3fykfgJhSZZ6Kkcgr5E,232086,232092,0,3520
ghHtHsdmFq6Bo9ANvctAmqNAiNMHZAPVDDrmwkXwj5gcwYSTJgfY9M3wTG3LkaupDGYiE4t1AyHNZCu4ookM8Bv,232087,232092,0,3004
3RGo5NszEqc26NykXEWo8aDZixcN5nEGvmYyxKcQz99MpQ5fh95MCVe1GzN7zXXCxs2DrTojeXaLqknwSLCccxxJ,232087,232092,0,3107
5ERgFV6EtPuHBPrExWEp5zcnTvmvdBtxidYFAykxHKWKjWGacJXcVtyVz9fobxpBqTq6BmLWFU9VfWhbe9BVep1b,232086,232092,0,3521
5ezkdAXuyDbLXPaot5Rsd5fer3EUxN2zrcPdEjngJBqnvG6xSNMDXTTiCxaVU4er3herVfqeeByyzxjf6B4aaYjJ,232087,232092,0,3004
5LoEQqN8JBScUD5HeCBnuvhMzkSWkYH4CAdodRm2cDpUEEhMVoMQj31c4JAM7Lw7iPLGLaydvLpB39s2a91FeKdt,232086,232092,0,3387
4FmbXK98L6D6CTarCFy6UwPZy9tm1nDMfP2uzm4XhSsepHXCuz3bJNrLNWwLmkaxVTchjkqR7cArdi9ZZvRJEV8g,232086,232092,0,3518
4KPuPp8VWsadcFM94YueL5DYWwUWwE3BVoj2PUDmZRGjBCAeEZycYh8JQ4gfgoivb3at4qQo1aKXnsH6c53DaP2N,232086,232092,0,3522
3ipEtmPoVKHwaZmvnJdKX3JbwQYFepCgcsPCu6C27rQyhT5JGEMtHqM8Js3sLGzPCSMDT4a9Es8Uyu1a7ohYAmmA,232086,232092,0,3523
3y7YDWUoJBf9nogXuwvr9pic3SJDuX9Hzv47WiDJeXAdKSi8rrPNeYjQHnSdmgeeJtJvnXcYG23NYwDSMdE9ZL8X,232086,232092,0,3330
29X1oWsaUXjXtfYtJMPvcFaZuviQgUBqEYm6ZsJhG1ay8SesX1LB2knmXnjidvWnaNj7usk3XdEfjjkL4Yt1hRQD,232086,232092,0,3524
2YCrEF8awNHLrcxhCxxDQu71B82Up9vxWq98sfCzGKG74JW8L7snGgW28pfKMB1hN2wR6PDhR5FtuLP9FpHYoaVs,232087,232092,0,3119
48UcqmHw6JdxzdmNsAhoDp6FzcHJnTzDx9MTfRG12UzD4UDj1Qzd8pPgaYtixEg6JxAfommJ759djFt4BmZWQyHe,232086,232092,0,3525
3A5fL45xEYi7aA4CXB2U6HGqJiEfooqMuqkXNWv8QXqgyHdh3HoxhG44x4vNVdoDddwEkMUMZ1e4UVvStt2rCSg5,232086,232092,1,3290
VSb21o5kbC6yckUGcojiArnKdymkjygWHv8dunqRRdH2nzzoqJXMGGS4oYoWub7PgqMLFRobqwwjNKYj2RRXz3T,232086,232092,0,3514
2351X2Zb5seApxaPFW3uf1BfbHPooG7hgmafipGgfF11TeEyP2eYibpXEGzi3LgFb3q9bXSnbBE3h4VwgBzjKd9S,232086,232092,0,3307
3PUqW445BP5yoJCK38NGbnbZpBqrcjSeGq3eEi6srCXBYfZ7Hj4C1HZxuRovuh2LcFj5sFmGVGdtMajupT59egWy,232086,232092,0,3517
67Wr3z3oStJD8u7hsZV8EnVk91Xz1pwVkqBHj3gteGTX62VjeYBeuJnUeQgadmA6LE7mTauMPQAa8kezigf41ca,232086,232092,0,3523
5p8Zm2ffYb3BM4JVsy9aMjdBQRYxhiGwkxaWQzQHZfhACn3hcBB7RvsKY9eqvAAeu4Gge6v9VadeJ3Hz1TE3nk1x,232086,232092,0,3527
9NT59DEYdGDizCyWm8ztbda3q6vKGND1k9sgBD6mamwXviA3Wq1fMpjcmtftnJHyr3SrMWHL7iKXyBh9tbZfW13,232085,232092,0,3974
2ZkcaCB7xm9joj2skXtUU6cDiqs42DUuxYNGgEWnvWzFZjtEdJouNCPaDpQGXLtrHYwa1CTnLbFkQN8ZkgdMFWfn,232085,232092,0,4139
4TWNvw3w175kNt2NxxRT8cdDEAfzuJugzGoftk4ZzCcD1Z8hpsacpy6CcjR6v6TL4Z6BhsT2BGT8nbCcTjmUE1B6,232084,232092,0,4331
3ToGUdpeSQEyUDU8HcGZ3zsVzybhRWDFJTmAUqEA6rQUFqQdApfcJNhDpgQpKo8oqTiDuR3bYdW2pbj2n3ah62kz,232084,232092,0,4327
4DewhB6G2L1cuiQkR6gPuERfGkCpHd3EJrqWpjukJrXGhvv7QAvHAeQRkoFANciLcM4QyFS6XuMx2zjQusJLFpqE,232084,232092,3,4421
4svMt9WdKcJt4V1dGbmKF46nzevhSsuReCFJwjXYYz5zwdNXF3xayHzHEXBy3goihDuaiapsJpCcxMSmaLGvHZAG,232084,232092,0,4335
uCFXcAbFKUwi9YKmmqA5oLLUMeiBLVfvqFnTBBfrp5p3ZVzkmqXH1QFNeseii5Ai8ERXroiXCnGtCzkmaHFsZtD,232085,232092,0,3975
2832nyLjYbSMM7oTP3kxaWk6etzyG1aY9FZtuqSdgxhY3URG2r7tTHCY12KrdZnhqTuu8Qm7Zxy11AnJaHrgzEb5,232084,232092,6,4288
5gBntEY5vCXLKeYUVUdggUWwBMSRVLmjEEVLrPE4aztA21FEJDmraDHeVXn2npTa5J8wh5ukDJXLvm5qjVUEfXrT,232085,232092,0,4156
jDAwdFFZ5ZPZ3A5sHkjs6WcN4mcCXCheQStVkTYe6coizGPxmaU7BwroAxWGDdCEDWYmfpqHJ9EMkcFXu3x4dNM,232085,232092,0,4152
3mPkYZYAEXM1TssWv82sfSShpyfoAbDz4BAZkwxSbabTqkr15MXG1gikALntEWsfUyZgNgGSmZGsJc6Ls7BhKdqC,232084,232092,0,4333
5q4hCDKngRVYnKSYqvsaxJ16RGUAf8JTm7T8P6xkE2Pgst38FE9iVTRV6hVRAPnks9u1YScVxnBNwAD8z3PVLXwQ,232085,232092,0,4157
2w5KXS2hWyBydYWiwmjjWg9peCN73uPHLYfohMLoc4izpQBE1Lc17GTfaD4vorUih5RQ58pvXtMg6NvB8t2ePjsd,232085,232092,0,3968
4QkT9SwCYzFNsRdjvRhjvLBNAaFgaFwPyWBteKCRpuiqUcyha8xmjA3Z84WgXARb6r7fnAJZqTb4aUHEWsHzqY3Z,232086,232093,0,3946
2kn82CVzH2QFDx5jRRZssywHrwQEGY4o1AeYwpo6Xgu5RnjKqxyHQiuppP1QgvEprJ6Ez59AhZve2MpDRLDFmMUa,232086,232093,6,3925
4t93nbCRi2zCoSMyBtoV14h42ReNNpA5jq3LLzEHB5pcN9cTwRgjYTidU3niD5i8HyYtnjde477ZBEpLb786jh8J,232086,232093,0,3768
4JPtEG4r5W7raxw8D2ix8f2kmZTpXeSrvAFwT9tyiytyL9XaiX41Xnt7yJBEwVUSN5ikEioqMBZjGKdeyA32bu4r,232087,232093,6,3633
1284329GKD5fu1s1fmHyEvEgVHtmzeaG3aUwx8zQNbFE1Kddi3YuLgsRhKZZm7KB1hSwFMaiZQDaMZtGQ6eiTxHj,232086,232093,0,3912
59Kg9JrFHWBejYazCHBJKy4pj8vEEuaFCs4MZKnTEtAsQ9aHra7n2NoK8m4CgK8AFsZDLvXLfYeyC661HHbJyRxd,232086,232093,0,3837
3E1Fi7ux6VfGFtp4kZonb5QAiXZdBUS1usxiU6G1ntgCQKCMoMbxLF2vRKR76p74JTEBRTyW11TSBoFnHUdNxrqY,232086,232093,0,3833
5cNyqyKXLoQaAze77UDqGjXUDbuwYdCmmYDYco39oSWuwTkAo32xkqa8wPHQr8fyss8horZGhWUoZfQqtWTe9QFH,232086,232093,0,3808
2WLW8oDon429AwrEjg4N9ThzbymV7g7ct7TZyU8QWJLY3qbDEH6yGkTTbiAe8kUEzE3eFWrzsKxbvE8SuwM6norZ,232086,232093,0,3761
2JJJ5a6fwJ3rRicEMiyD7Q3g8mcFvEcUacV7UBtJxmDwGcpqxWApjdohVVutAYcoNrTnRfURyHEvDwbBuNrtdNFz,232086,232093,1,3934
hsRHYdUQ9QXwY2XNBAnhGvhZQ2XKoX5iuXrNK31RakfbntcE3AAazWCxugBbuc6sG4Tujr8EsUckMiumgJaCKiL,232087,232093,0,3625
3Ygez7LyaC9c3xi1sKYd8DnsXCezezJLii9G65wWvLEhKneY1SGrUk7cK3tCtTciHc4aaECNX2vtS4NxDPWQSY8Q,232087,232093,0,3474
N4TGBM4kLCcM69gFuHkEgFGJuQMAtr3mBchgJ6aGuPLKUv7mBHcbxWdzkAxCnaFfJPEasPTiR89BTne61FMWJ3e,232086,232093,0,3839
2E6FNMfJ2B2QqCuGpww14gJnbedD2uY5p4dcoAu9jqsWZojHqGv2kKNeockoWePyF8NuDKAWBdiCFWmFdd6j5A72,232087,232093,0,3437
349YJ8aU45WXkRxyUzDbZYHtr1GE7Yj2dit2xtpB1Lj4nggjRGvbPNxgzTnzpQFdNW6pwXAkgx7EVUDxiTkDguqR,232087,232093,0,3549
2vnQpKUT3FoRwA36vJFCFRquSU4PQsra2JjpuYcJyUuMSgHz4rZAH7AZ1mdgfbg8UkGtHvyFVPGp3gCPwM9idbTs,232086,232093,0,3829
4gE3pYsmiawVAiruVBRiLyE7Rd347LP7iw8GBtMjH4Hj9FeGsC7DEEoqfbrgkoSVAWVpTPMiKKEz9DRAok9YpxdP,232086,232093,0,3946
228uiSmGjQ33koZdH6GXxDRbaJtNoZQqJJ8MXDyjkR9M9gCqY1TrupUyXSGwzd4mGZrJQGHYtJoyjKVwYB9xxCx2,232087,232093,0,3594
4kuPM9HejFHNmXKiyHh8t2dTwh3dq24TVnQWEt8hH7pZzaT5r5yyg6PYqquFn8uMBCaGXet5mHUMHCsSJ3FQwUah,232086,232093,10,3858
yQZpBZDiHtJUGx9sWhJjzDx5PK9o8haS6ghgb4eFXGdxKSE52uj2YsiXHbeT1bHzJy7ffNJbhfHQtNM1dVCQzUe,232087,232093,1,3573
2oGAuRkhi6W4aQfCTEE16q3hoRCqqYpA4o2hXX5RKb8SaTDbQj7GX81KdWuPfe9kjkxdunex6wGkRrnFNavmgwD6,232087,232093,0,3622
2ow6YPNQPgAasnvchzhPmWrfqF8pGpkk8cE4aXGUiL294RVv1ddqj1omANcbrSjXvrB421py9ne8ZhK8QeRkdi1s,232087,232093,0,3588
fbSSjox7t7KLQ9U5738e2L9axWxVx4eZMVLZAA2PMsQAqePEMCqqWg2A1GetuKYwzgpKw7e14tZmJrBErG1YM6Q,232086,232093,0,3841
58A6EHie1gMWG4AZ2rnJMQpvAxXhCLZqj1ak29LPCa94PCAdoj3XP2UK6KwR4jByzazpod98QAqJFZPTs2cvgkRA,232087,232093,0,3641
4z6Lm1yXDcz3zvkhQtAGdtgoykUokVnGL9ChdW7rpETEU3kqkb31TcqYepWFiA9aQwryusMCf4GYCtYiXCsuCrvf,232086,232093,0,3908
2PumAiDme6S4TZVnxQKV7kQS6oBqYNdAVd9vXTfKqaHbroLzYPcwybWrrNMMo5MSivc7rwZzPAzYoWbRrdjLVtMC,232086,232093,0,3856
61SxUMTxkaSCs9BBJ36q4pB6kiKgD5v962kMmKrChvbWpkidU3NmKUkgRKcrnjy99R98VrTj8x4D4Tq8La8aTwhW,232084,232093,0,4823
5yNNLgVr9fDEKELRuw4dLqUnZxpcuzZCS6bUEoHMHByotVyTUSmA2T7rCyBQs7ePypa2oHUmHb7p3jpERS46226q,232084,232093,2,4875
2QEr7HnzVUdwCjh3EUAYj8z4U6FciydiCyKouKXZVX4aYCv5hiScCRRPTaDJ7Fs1epF39zjh3c6Aoupd229t6gX4,232085,232093,7,4611
2NTREh3hZzfSQxTFx1j9VjGsudbDHWVReGZLg3EptpiWQFJvyX1hk7bncEX4qW9c1FBXuPQsvaifhzgAnw3rQ2P3,232084,232093,3,4871
2rbvY6Em53zydVBAMTeJFXk9fwgsjZeBT4qLjBNPR4CbaJRNv7XMPjWXGzME1pnSMbc3Z95XhGp6yFdvTbHXN7aH,232084,232093,0,4747
5ySQ2FCxLjGKQ5Y1KU7wqQVmjW9ZSqkUAbgYpf6pnbvY2Dj3u2v5sv5z4LkQWr8iYEpJenSHT4LSNxYcHAhauBYe,232084,232093,0,4857
2gBm7fmhe98PhMkbBgnghrF1aD27JspfXrfpPHHDtVWeKN7wnw4CHUbPhorLBLeMQCQvaveMWf54sDxWuvTLqHjH,232084,232093,0,4778
3YewJ7mR7VWfSrW827SxSq4QmkV5bxEc7nq7rRojbrvERGBWFs7tS7XFAbQ5MJJAdYM28cMoaFUdGZGJWRAknAqE,232085,232093,6,4589
5ZXK1w9AwVAuhJySYnt1gzhvptmbj8dKwpq7PCDDSAQrkio8nFPGxgFjaD2isRjdsnryv9Y4RXgN3UQgmA5hsTnX,232084,232093,0,4750
3uMQdq64nbS1bLFhFTiJGTFwLkDQJ5REq6QtzGroKMQH5WDwmQrJ3VqfrhuJ7ZxPDGaTHZRgVLgiTYynCUNsbwot,232085,232093,0,4606
zX1CBw2YazVN26ctL96rPD7N1GHH85JkhvKtPbQBqQotHmc9ZJtjYA74Hf7cWBfSeYZcLT38ei4o5mXCsiKvWDx,232085,232093,0,4489
n8cXaxqb6D8YLiCyy1aZKP3wERMyQbH49QAD8oewBf3rGHmg9dUbsU7YsWQmRCEj28vf3F63BzvWpxU5BGBHqwB,232085,232093,0,4451
rgp1va1EQFGVucLN6BBCDZgYCa1FV53oTSBpXM42kdyMpqqshA2uCcU2pjxg2ArXzZMcooiyiL1CL3MQ3KGPqtY,232085,232093,0,4585
hQd8RqQDiBYa7f4NvKEjf7MmLWari3zNRv8LtFtTRBqWZE7TzRfNaUeCj3fBDsQ8mwfd3nSqg3PBjGVpH8crmAK,232084,232093,0,4758
4xVAphRtnss7imzWmrDeUv1N3GzYKkCGozq64xXasL2L9Bpcf83d6EDP1aVU9FoqBGWvbgWQG1oauhyUTEcMvEVz,232084,232093,1,4909
2vACZAcBPRCp2ehjKnKUJq4H4jbjmHXa4SRjwKnzj7SL9xYYXjDNPS7uEBCdZuMnojyQfWPYiSBoC9B4cy9WFRhK,232085,232093,6,4669
vH3SwFitUT2pkedmWt4r9y6NMPt8koReaZSAh4p6ZWzJnjVUsyT8iEJFAk3Wkg8oBBppouLfS2sFyfFCsyCL4TH,232084,232093,0,4825
5Dd6qjH9xcKFpdet2JyVC6VuckMPJPH6gFjFmurFmVyHMfPa1Mu1CugaoBFi6WxHckTBufYLhevBwdBuuqhfFpps,232085,232093,7,4499
4b6Ae7Z8fBiEGX9PMRFV6xv9GGXMHaEBg79jdnA33BXXkAz7KQn7vTBeYaa6K6VTWJQHGbDVTRsAVsMhj7oKRivV,232084,232093,0,4754
3xyhE93NFZ58KUhwBNE9omtf88XW3QGJsciXfokv62PesL7gr5T7sxwTEJ2gJQFCLx8QnyR84nVMz3nBJyjeAdj4,232085,232093,0,4452
2r1LDcrwEpHboZBTLwrsQpi5bp5U4HCBeE2X4JMnvER6EV36Jnb9wpkzJS9vToPQCxcvnuEKDeF6HV7Zq7HhX2Ak,232084,232093,0,4796
3PGgS9mWqy1BZpQUvPquYuGB7Aqnya2x5LWx6Db48ZL79Yd2qjrgJe7MDTHqZGsRoTyPgH88Q4bJQ2oZfbH6cvFd,232085,232093,0,4448
2W8EdX3eJ14SqgcUHCBBKLwrNRPMgsb1EYzexLdSnr51iXQ5dsXQYhq2GRvsGPjpNRy8dUbMvj8zmwHvAiy9bVaH,232085,232093,0,4399
3rHUSVhigVgSbH6RdAWnTgT3SdQKaKYserHBPeh8czv9yAngqBNoJg8hWi1kYLnXVW1dj19sRzMHCCrQYjzhs5ec,232084,232093,0,4724
AzWVj5nECDCuRXAJdDFL7CmWCrMRm4ratTwXLr7xgWWJ4D3tyFwNVqkEMWzqvK7RGmu9wwvQDf7gEiaToC5KNaq,232085,232093,0,4585
nZ6j1pUm7j9NN1iEhRvEEGv9KNdtgUaevA59txDLhXhELYNKwDrgUNqV6NVqqc48WRhAFK3uCzPHxQhYyx5T7gf,232084,232093,0,4726
jcbDR4RG9AFvFWCd2RFGHvWCV9iZHyM8TwJdQw593V2qqbQZEHAR8FgcUMz1G9B8PpD71mtjZ7QMgzNZt3nsEGr,232085,232093,0,4581
3NRULaehFSQmBCZPXM8qhgz5Vtw6yvQCQDnpKJmREufdMfXDxnWCzSr3bpR8AqMVehrudr3eJYzhUZmCaUB5agjX,232084,232093,0,4815
5pHsikEwgcXJuLTM59QBdxeUvVPWXTnQsc1XGL8rhpmXrQ9hvAU654bnMtNQ4M9cbko1c9Yash8Neuy8Kbjc4CTr,232084,232093,0,4749
vDT6pTRQPHC8oowcXM4gANtNcVbPYskVxCE6621qRHG4QCxAJ1p35SDD2E3k74uavzXFoRSYfPdKrQAgzLX6fnx,232085,232093,0,4584
3JBnFTQrTjf7h4EyCQThGjMaqeN52Ns8zY9JB5ZD6AiehfVN3ChTHiZQD5CAzzAmMqQdiFy3B3d1P31Hq7N1NtE9,232084,232093,0,4762
3EMGYFrM4ZzirxNvSMqQe1XEaVosA6TsyZbWZtntdM2xGXkpgnD3TcxnLp6N8EV1WQcF5fyQoatjdb5DRJwnmXTx,232084,232093,0,4755
5TGT7wQsAYixZpnavTRDTxc51oY5Y7G3U797PUQinCLA9wFV1t8ZnPYEtFkvwA5H3Sk1i2DFBnpK94mQXnYa5zS7,232084,232093,0,4874
2uxsQvAdHF7fRDqP6aCp8ELUzdJBgfjHUQTnwqbGhhe8MaT3steL7dvxiQCFe5gmSmokZYF4J4ZEZhWo8fY7jnLN,232084,232094,0,5313
32akcTYzfXY3vfr6Fo1AxSJ4ZFCjKkjG1VTvsJBZmLkKRpV1EzRg6Pka1xomc1hhSUnXHCWfqVBVPKrFi1UML3Ey,232085,232094,6,5132
4Sf6eXvQBBYsKEe2PhHLnMDe6nyCTnAbmRM7fzaQtPgaofqrHhiHLQyc2Lwz7Lg4hQR8wANzpCitpbqNsJUF65Mp,232085,232094,6,5103
5KviGRQN4fcbCfC9f9NRHQcPcwSjpetLL8VM393CH2bwr9yZ6zjSyLEEjGTDzU5VFDuVt4Q3V4PrvQmGahh8yxWC,232085,232094,0,4908
2gukfDWsJtKcmjPYVUPPouyjfMPYsoCgdoyRHhJ6yatGSnBzYh8ucxwmgkuZSGzjzEfjRM9T1H7pVB6yP63p3nT9,232085,232094,8,5039
3Bw5n4FqqqYxnKP8cNaoUFd2oR65wAVsFS8sm6SRG2QawbUxyi7gUQ8gwkMVgrukXjWjmQQvU6vr4wupXsDS7k3F,232085,232094,0,4996
2TK3zoH9FNruVqQ1DH6x1z8bMjqmveQ53Y8E5eKrC6jasowief17sFjaCbwbtrQnLmkyu7Kx32GiYLGKsQjBmjWG,232085,232094,0,4961
5oi5avKaHTQVv6EUANz8iEm2fvzzBt7xNkz3NWRDPCLVTCGATPprVx8H5U3PbPmjSBpon2qT7pvjkQ2576QPGHR8,232084,232094,0,5239
22iJHKgwHPecLkvg8Ly37QDg5UYW553WqkVc7mFHRxhZzP7uqQBMjuLvCC67MTuHcecwNCrMpnYj1FMiAoyBiBf4,232084,232094,0,5298
4y3KXkwrMPfvUfwUPDGTWtJUwv34h8tategfw4AqmvJx99cbNAfPbjYXU1omHi17KWsyh9jEYfdgg5vMQVjSdnDH,232084,232094,0,5292
1233J5nDAV8YwxXXP8m7w6ngsoeJbyzw9twGke79ttx2JoHUuusyLiZ9K3h6cEX226gEkqToeJ8bUeso4SXGYc4j,232085,232094,0,5086
z942d3xgEaUkEc67GiVkb1T7P5BZ9gNZPy6FkoThc3DmYUAq2xHweiR7jUaLUr7hGrppdgRjZ421HmnxFkztFxy,232084,232094,3,5374
1T7jbHYcVv1B8aw8RKgVaDc2eJ75pXRBJz7NPYCgo1zHnf9zS9kvZ2YdH81NANHCfcFPd7mQ4DaFju22DiVWpe,232085,232094,0,5072
5V8hL183eTi7TLhTe2S3v5wUksefQKwxbaPhcTmwBapENPesasNbeVuQwUXWhRHwsDWh5sK4wwVsznqZHgeVebpm,232085,232094,0,4953
4dJksJ2pSavWGAV3Yp2RsPeXRjxPuzzh7xASvQdGBwCZLFwSYKnCcSQ94xYepmPZ7D3SkQDnga8Bf7piVciV5jnv,232084,232094,7,5234
4m768cupWEjXL5PawUAxYXL5HZNiSAsLNsrGA1R4LvhMGtX5KBeehDxc2rAV3SxUYnruEduAAqT3tGP2KyEifExW,232084,232094,0,5300
4LtNnP18gXM5pqyJqua7iQE8WuGhh2qMdXHSRb9BGsjMz5otJX4pV5N1ZXEM57GFoe8wLBbK4weFU5nh3cnCcWDz,232085,232094,0,4988
Rhhzp3YbHPTxSHw138MZ6ccBn7iqMxUsc4StSoC5361zSj42ZeuZxrx2jEXV2qpodAStCa91wXFCfixvTqYH7bK,232084,232094,0,5315
3XSUH7iE2eBFcrFC2Rd8BUy1VbBbtVZje1nMgfKFyZDH6UoK7xGittAHDU3wFAcyRVy8ej2Fp5FBD6QVNnYwx7Tq,232084,232094,0,5259
2K75a3xu9VFv2MxFKuwG5HvodYkq5J6GJV3HMiQR4e7q71Sd57kH269gZtaMz3u4uR7B777KD55eZT8SJBcM6s5v,232084,232094,0,5296
62njoDCmbvd6TpbQpCVUM6dFXRfTHTsx9UbqWx6Qf58inkb8KxaVW14BqMYPrrWgpH4DruY62cDFyt5fpVF1wDtX,232084,232094,5,5303
5jwntq217ymhLvZUfW4LeHQ9YhtAfHjhmYjy8rYn7Uemm5pGndztsvDkyZGMTe9gwTM51xbo45wJW1ibsA1MxoeJ,232084,232094,2,5385
3nHRLRtS1ux36yNrmvUptpT9f2Qw91XEYLQgMUH59QTU3PfsNEpAsckEog4wsuCJ6d9VYivzCXKrvC9DzdYBfs3Z,232084,232094,0,5378
uesYRSYi7SKUbp8C9fG7q8w8FyG54CvVRVq5NeT74GWkRHET41d9qpHKgto8DspKw9yRdQ8Zzx2UoDJ8vxi3RCg,232085,232094,0,4954
32DnYfMtKNcMjELVShT4aczUtaCgKs4LEodD94i5j83oDBLJSmwun1RQPLARp4zrDt7KHCxwHwegHEZTLSRxcjsi,232087,232094,0,4042
dcccMkRDvrpXoDnp4VL1GuUsuiovZ15hsiDioqvUA6bAPSEzDEq5SgpNfz4YPX1GCkJ5CQQataw9d5PQYiQzHM3,232086,232094,0,4335
AmBLRSjm2LYzSAozMHzmsVkVDeFFy4RHfWBkYsLzcRuiscVQUbes2AKz6u19vvN7eiRwbnBwdvX2uv1aDusEbzf,232086,232094,8,4462
4d5thJK6ptAbG9qDqNZApyfPHDaP3gJmUammdXThqxZe8qp8gJoTmaiVQgK5tBgSsfQz2C9ecCMhHBzK3U7YzmeT,232087,232094,0,4068
3nUfgpUta5j4sHmTp4jzRJAyL4zTcNpcsR8eD9LA4FuKACXU79iyghxHxvEfEVtVYw6fXKuXzKQZhsKBcz7NotDe,232087,232094,1,4171
5kYaXGzaXMXtbEGVKSXo2c51e9QDbnYaBzYDLVHrrewYQSqgBXHRCqQHpdnSaSP6TDkQg2wW8tkwKgWYBNFwAaMF,232086,232094,0,4288
33BBwuntQBvSSHS3nK6vNFyiRL7D2FarmiyADGvxXRofTxhaCWQ7BPbm8iHqoe2xCe4s8QV5vWke63teKe3dLBT6,232087,232094,0,3937
qvoM8AQrophKoKJeq5HZzN8bWBxGzya9oHNMqWoBPpCcF9sm8qvCv2azEotJ9oHmF8SzS4ze2vu22idaDAsCZCM,232086,232094,0,4310
2Fh8gvhEYjBSGnD7ZVxHkaiuArKJ2u2pQEVpka1GPxQrWPz4L5RUVDEmdJAsooShD1BC47a7NWtfmcdUEbeCJVMP,232087,232094,0,4172
4KgNpnrfgfJjVQgcMv4gssABQEN5XhBYw5FsnP9DNGuBb6vdBEf6Y18xBhf3jxcFKdntdpnwhdvCLSQFQBHaTmCs,232087,232094,7,4181
24hTNYuWm4hryeu77uLtNA4dv43SfA6Ug9tCD4JZ1LDc5TjszVtKFksERBdPan16ys1y5h7EyHo2AsLZp4r8mTUP,232086,232094,5,4226
5C55x3Vr7Fk2CVUnZ1JMtkNBY3xPTVC119dj5g3rSZsbJmqDZW14So6qYrJTFGnHzA6byHunEqX6vQUiG2Qs6ZGY,232086,232094,0,4361
5NPuwbuRDdNfeY5hwarbF6sfUw7ubNx783GfHfDuiDWv8bPJMzsNbuEHscE3okdTtmARaM2Zpu3DsgR9Lnip2MN5,232087,232094,0,3937
2M45gcR7xgXB6pf6izWwsQ8UE8nGuhbiNmfZFCHyoPKZwSrf2iw3ygWkLhFDdQH4rXDJUaQNh7VHRAAu9rwthFWJ,232087,232094,0,3942
3rrJH3wn15fHwfVjScJ5pRmWBTDJUNHEyhSH9RxaMAFdYM8VewqgMwcTuDigxy8CrFtyxaXzoQ6Ve8kHi1SNNcBe,232086,232094,0,4272
CkdA4QN51V3c3nri8W3vqDgteHkDtPzNJ13iHjc57PxaurqrsyZ589gDsTHZuWDwgUDUAo5tYTGELn9VX9amLqE,232087,232094,0,4149
5dZrg6kcqRPCQxkuy3tFGsXcPEwuiH8gCcg41GkL9uq9A8XYxTLrHMZmqrqdFsCMAMKTgLmZUadd3ESs2FWbgs8N,232087,232094,0,4169
xUeAj7rTvypD6Yb5Cef5CTzVYPhr48WTi8n4CtLDgmibnJyfSjYESi9M2su3Yg9JRSH3VFzHsnJ8b3HsEUHC2EK,232087,232094,0,4128
2NnFcDNzMTx5gyGa6kQcrrGYh651m82Kp3z1spmJuQ68YN62uRediaF9Vtk6SsQL8ewnXrXrJmE2NH2yH1uv2cr3,232086,232094,0,4343
5979fHDW8s2Kcx6Ktp6ZvzwQ3eMMg4WjwTPumMpwyEAhHfX4kWUvjWWZyqT1zjofx3o3npAGYopEiwa3hTWjv139,232086,232094,0,4309
5a1vrTggL7yu7RgNTC4QosuYHMfGXxb8Coyqp9J79wcfa2BP9tma8NESmbJuLn9vfLbinsDW1ej1HZ1Dk7vLLCdL,232087,232094,4,4198
WfCKqZdBzPwMxopEfSVWhrAdH3GfxpiNbZu18Ax3yvsCRtcEMt43MjiEiKqpM5HyHDPQJwBhoVT6whMc12uWAyi,232087,232094,0,4168
67csLisBqDBRYNuAq3basnVqTJHrd5CqANgGu9LTi4CizfzxYRiePdLLDvtc5sPxsEvunswokSieDzwVfjCETK6P,232086,232094,0,4269
3d4dMxKnW57biTTpGxioxCpRTHRF5hLpcD76MAaGCsrkJmR8sh81fDj2YTeh9e5atn8ZxZS88YhSuhuA5JG8PFsy,232087,232094,0,4147
4RSzXe9UoiDc6B8xqnBfVCvYGFWKD3HUA1qgpRDPGoRby9CZS7CuRmW1AhZuDDzQWT3JkS39hz2gCgFNceQDSisk,232087,232094,0,4055
4dxq2jbJ1qS7hBbhjGfMFB5krr63zrvPqv4pECMDTtDJp91VvH1jYqUuPbzVnAt6pFG32JjyVgyiNt8pQE6cTQWS,232086,232094,0,4239
3SsGRGf3VNiV7XA6YufFHSU51fTrDsEQvun8iTfkTC9A1uYsvYGHpMrTb3WcHGyM9xyqui2HocAeu13MSNs3vT5K,232087,232094,0,3941
2FmK2hWsMceNWMm3RzFRdrvm98fP8JBKDMhQkVqqRQVEncRXtLCrWpEd5RfAcztp3LxAqpaBBn7jHyAv69z61C18,232086,232094,1,4203
5YTXyjsjKX8giZW2fU5Vqs6sd4DDsQ9m5Ko3mLPcXqeqoz128aQiuUrgs6fHgdSUBPUzbipsXtST7RHP2mQiJmHV,232087,232094,0,3945
3k2F1RvvLDE7sMswScUTQ6beBX3oBgdHzJrtF97AKPR6U1Sco3mUgCdciVs4hg3Cf3Swbjdncx8vy2A6tYSykQax,232087,232094,0,4058
5e2XZNHTp82utn9FBcNZDZDXqzqyHakwJ82HWWPd6HDjuK5YzMXJX7U3xyVpoJRMhLHrRf8yeYj1QW3Htx9jkiCu,232087,232094,0,4098
2ZGtS9RV7RrJ2pbpf5hn5QpSehnUw1cK93RSskGh4sSQmaDAQJPp31WLBZVEvwyvaXfcVbw4eRKWQpmXNYmtzG5k,232087,232094,0,4041
1DqUuSDyRjxEFjwMAiE9WucaHNK38meckCa4uN7KDVuEojVk5L9qL3hQ83mfdnCbwoHTnBuaLEgatWxwEfB2KpC,232086,232094,4,4275
468dLVB3uF6P6a5conwpdrMtk97L8TfuKxE9w4bnWN6UYHKmWAdVd97j9iAf5BsRfto1qo6jbx2X5wJbftRS2Lyq,232086,232094,0,4321
5VaznVXQBV1pPHh82jMkCq2y7sTzktnDD7qnY5aw1tDdDbjbprHqrXih1R4XZz5hspVaQVKN7NARf6zQwPnNV3sQ,232087,232094,0,4171
ozvf3caAcAjn8dkvXudYUkdTGfQfA3ivkfMcXd38QEbgaUBbqeYVmLGfYuFHAFUaUUFLnWEheVkmmQcZ9B8DfEf,232084,232095,2,5826
2TxDVFDT7y92imTzbTqL7v19xt92WNfwkCmptE6CQ2xZv1GbYyfA6dFHP4PYnDmEETJpDQVRqJtMmnARpp2VgJqJ,232084,232095,6,5675
5rzSJF4uoQD3Xs451guPkjT93X21BMJTJn9zt4JAEFSKyAv3hGvTk48mogyrt3GVKM388H9xy8jSqQ39JKqsZyPK,232085,232095,0,5526
YQ6wMvAPNn6yroNTCGAqrr6rNpYkJwwob99xuPpVh912Zk48SfCEXUPQhPo8GYWSh9SeW1qBAoWeBK5hHjwHBGZ,232084,232095,0,5672
2kXnx7fg9FwrATvoVuz6NGBby4J4ccqLBWT3csCZ7cSA8e7Eawth6dukwkESY4F84QNEwohQaQxZF2ud6BrQTJaH,232085,232095,0,5404
4K1t8F3ZvJNwJ6N3AFj1XCEfLYDvJATWPoTwmsVY7HF3kCdUKs9TgB2hxCpGWUcXeUH9P1wzdpXKmE5dbTNYCjpz,232084,232095,7,5653
3c9wNLRPPdUV4WLHbFbaSQzRvLmauuwDiusmM9jbGsHZ5YFXnzkm26u9oFy2gGxvCyM7ni87SDZQQKq7ioohx6RA,232085,232095,0,5553
2JFzZ4EMyV74vvbJuV7esQJrw6pWQ6Fd3o28euC9XfJ2CdUX2uaiLvx2LVkcj57NvJtnhCDPwJAExEkigvZhr72E,232084,232095,0,5705
2B519NhTbsQEHDqzUQ7iHKw5RZmbjr4KbaTA4zPZ375PYWLRRPuW9u5nu68jSGCdJUEdFG38QkBbSafMCXPenWuD,232085,232095,0,5520
27xGxDSpVBSDw6G8zCVBcMXtXSPswKzTm8xWvW2nRAEHvHDph33wGYvzbzBPS9pkzfNkerPQkbFBATUZz86VfGHx,232085,232095,0,5583
53W9hDtyCPcd54tKx9QjxZFWAtpacZnnrkjd53nvUbTjpuFdyJbVXPQ8aXyHQD8JKAbWNaRmzZfB2WgswzvzzNKe,232085,232095,0,5585
5w35HkjFsaULno5VbJQqCn7Wg3RR9U4v8N4L2Vjjtq6QYSwAppFkYgj1yr7m8g5AAaoc7EN7B44NjoHdjX6pPbnF,232084,232095,0,5772
3ePjgMpVrXfpi9BtuYNNCkLBEUGuUrxTojNci2wtX5VG1bixUyh8CjZEVYq7KHugEc25h79q9v9BPivhGTWRWUA7,232085,232095,0,5446
5M7nmrdtuJXJae2AF7DANWe3BwY4i1rdDi8TGpjTQ3JJkXtScc2Na6Bk8D1Wkx1wXJKx5fkAc39qRLWgCKdvLtvF,232084,232095,0,5867
4RFmBPAcC5JiCkEHMtfi7uSEHhWAw7rYE2nuHLdbQM934JrGhiUG9skLfd17T5x7YmkTwNqydS3eya8S5FVYsgtx,232085,232095,5,5604
235qkSTkVrxpYp3SYZt5rywnP3VxoHDAoME6zu6kmP6xxapALWpFoosDwvWoexfprBpfgWMETqUXuLePKTAQ9Qgj,232084,232095,0,5662
d3oixNZrstwAyMT8zZ9rQHE2CfPJ8fzoBL6jgaT8Zhdvn2Rfj6xH2cUe78c4nVKcG36yPva3XcxXb6mSQuKETGF,232084,232095,0,5670
2GBssSrFCWTeCg2uVPrP9Gq5yhCe5EMehpkKEmVYShgRbBLFehCTta2EH84SQh4xm74NfwqHH8QQbArWqsNeMcqg,232084,232095,0,5708
7nxtwbGeKQSYmheMj8FqiYiTLzQ5SPU3GgcbCjn9nMaXNHvcTXjdJcgBnpJpK31Sdmg9uY6pR953rKiXP9uK96z,232085,232095,0,5525
5d1a8JGi77prvHPdMN6ZFovkcgZayNQFakkRXRYPNTnnpyFNad3ohPYszBKtj1DP9yhdZfCKYX82Rzk7jXyRgLwB,232085,232095,6,5568
8RKFnKkSyf7HD8ov6muv7CPFK6uNRvxAsNCJqTUYtgaY9voBMPmKdtcntMDfsaTkVRi1VyBk2QFTuJkhW3697vU,232085,232095,7,5597
M4HmR4FxvXqJkfZc2wWiDuuASSVCZ9ReaSUSjsZ2YSHBbrGUon5rNq9Cx3VUqmEtvSn3p9UPbnB56W6LECfm53Y,232084,232095,0,5698
53HWT1uejRuV1yBGn3AgnnM2MZMvpiSW368CSXTyNBgxUTyKUV7ewGVppuZvAELsCuy3fk21WRzVehcUrwCoSWUg,232084,232095,1,5692
4Qff6u4z9CMX52fFBedsD9Sk1R2qM3ijyxuUAxEbw9QgCQTndmpFSTraQPmSs6fY91Fq1F71EjWcHAxFD3UnUrMm,232085,232095,6,5590
4VMEbMF5Gyevmvkbethn95f17X6PBMeHYq3MSGHbneXXtN5xEucMMrZLhxHR7EutWadda4915EohzAesF6jTmYfM,232084,232095,0,5701
NeeuA8jQbQCzcqVQguhxfYgnzghZPQg1qDUGb9mgxb2ZDTASPbsXa66k9kcqcdGZkNxHELiuaMu6Dh3ginU8Uet,232084,232095,0,5779
2Dd2ciYpnU71j3EH9ozaWVJ8yazCsaefK7G69Ss1Cf9qwXKqm8X81knwhL99VQP43LKN9Yahs23vTuh3WQ2TYd3m,232084,232095,2,5863
2kZ5qaXoqeHYfaodtF8jmgbDNaJ5U2B8struzmA3iPvFZhYaSpg5DotD9bY9r38hMUa9hzi6r2tn3pXjJBiYZhHu,232084,232095,0,5733
NF5NmW3uvLGzWvs4kqL77YaZJh8wDWxwM1hjPiiCVftSww7f21YkyMLtQerpN4dWJYDmBD7vAi3so6JdeUUqpK7,232084,232095,0,5690
oLiumwJKb88nLL9jFqYCKogNNrjEy8TRBPaJjJ9nmymV2Bg4BGUQf3bEjSg2tRMpB8jNDNhQeRGCvdBku1qh4So,232085,232095,0,5519
YUQByexEvWL33izQJ1m3eDPW9JNtNfZdHztcXmxgjaVsTcGQztXUANL3JSRRUtJPyeLU71isR8oTGerZQBEZfXH,232084,232095,0,5766
BCS2sncATcpk3bUZxePcrntQtBNs4J2xtDoj7waXBdgnmGfVpvLXVHUPiPUQE196Mj3vRHhatmMk8woDAAGz5Hg,232084,232095,3,5816
2p9dQ5CFX7g1VESYLnNZGtobUjXtvrCKJ3srV2DT2MVrqKbo3R7FN5A4ypNB1NNSD7cKzanwY9Bnv62ASap22WRr,232084,232095,0,5751
3FBmugQaf4V5hEKAwTBTWmXLYLJSmHroHo3hS4gBksZa5BTrXXpV5MZ85EDzba34QyDeCnMtnT6GkhwXgqvAdj6s,232084,232095,0,5720
RHtuiiopAxw8exTEzBMtwymWvQ51Lr14gFkQ3aQncPKgwG4PxoPtBCLN6pSpARNXKMPSAUXXhJPiiJsyDWgWxF8,232085,232095,0,5531
4gw4dCNh2rSBNaCdtvJBDn6j8WyRWRmcPgWkWzAVEndJZ2Ud81ZPHgKFiBfWq96ZjepAv9HTRdzKpDyYLpcH8bmJ,232085,232095,7,5522
52VPadPsekXiDVpmoHzKHuG747Fvs1mmqz6pUBZzm327rciW1pebHgSkn5YuwpBrR3WB6hiH7JHcYfjf45PAAbTd,232084,232095,0,5792
63ZkBgprcc1P1BRfzwwWbKWcR7CxqL3YDgwy4GX95ag4hRDTtjn2RpyaNqhmnn7efcGytAhKrVLgmC8pKno42gKg,232087,232095,1,4614
5VFRNSwESpjVVc8rvPUKGLNRmMtGaKQwUtrogcnUtk5vT1WzQJpeSiRdnKHz1FhwwGKmk6XmBLcC9Hsw6EJJW9A,232086,232095,6,4681
4Qb9XbREQF94JxU5gLdGiX9fjeCvLhp11MJX9der1jMAk1HxAZFmvgQyscTxsJiortgjmgPayfumc5bJ4rhFfbxs,232086,232095,0,4694
5vwxZr2BtJddKLFPr8JWAdGAuaZdkJTT76qFgBBB2fW5w1rFkeiaGLYHLfLav5CrmhK5YU2NojgiVvEZTqNCbMAL,232086,232095,0,4722
3RqX3rEp7KBuFeyqB4bcE1ccVE3FNgysphmCfttpHMUFRQkKcVTFF5BCBvNHBi7bv7Vohi24sR29JY8JFjUAFYGn,232087,232095,0,4575
3tgTpvosVH4EtLyKvWR5iWry4xr356Uhukqvhsv6sPcvWJ1CkLBbGyAyciZwwpSCJVbb2B3imzxbU4gp1AnPPX3o,232087,232095,0,4646
38qHYhZqUpvC7ZXRcDzpAgwEAShDYSCYRK8TsqQSqTzdPmVfMAPjPGb1WXACA7QyXw923NJRixgYUVAdeCqFYrKH,232086,232095,1,4659
3hKf67i6DCJotahfiMQEtTPLp7NizaHbf31GFQeJcoEyBKocM9EQV2KnAF2Ms3cXNAUTXY978KFhX9ceQyLF2MX3,232086,232095,2,4707
2smpyLuD5q6MLtS2A94SoJdr9Ruop5BGEnu6fxyWYdU7UJHCVrsVQUBGe9fWq5EsN6LgZwQwDf1hCVJEYdJSuVQB,232086,232095,0,4897
4kA68VgKxGkW1g2QEUdS7huKPPYhH5t6gWeKBi1yDbtnDti6uzRMGScPytkrsX9Rf147YYzKmnxgwLCHdADsVE57,232086,232095,1,4738
21ymq4QnH7j5CbQVpYmyoxd75uuXGwAHPedkinZUtGRq1tHuT9e8odzTSjAW6XV8SVvYDjEfjxqvaQRjbcqRnNkE,232086,232095,1,4699
3eh1TMUq4uK72NCoN8P4iPJJN1JSvvEnnQEn14wiwoXiomyBYMSts7RCsxyEFburjtZLNuVct19zBkG4RirdZZQw,232086,232095,0,4835
3Y1DCmVTgzUfEA7bYxR7RTRw6dAazXTDJyXwyXeXPcp6UFAcwuZT9uMLqZRCtXjHWtLQGZedb5z9fg6mXhprtpY1,232086,232095,0,4692
52aPxUwk8HPt5M98GbiWhRasNQepxLNqGkyoZo5wVbcGHvYki71xRstVK6q9SHA3FVKKs8ScYT19M9sRjpjxF4Xw,232087,232095,7,4622
HPbXsmqA91J8FpkPrwijpa68EVmQSw1hLi3dssHr66qKwYGtmwsZz4DPDScSAson7dkhaJQYt3zw8jdK9CxhR5x,232086,232095,0,4834
2oMp5vHYLKkjjvtCNceQt5tVr9gZ8HEzEi43w9Nwi1jH9SdVqRCGT2UjwNMc7hz8Af9M96dFxaoQY6wSs1VRNRZd,232087,232095,0,4399
59QrLEB4yFJwm7N5Fwh4SkPFi8ZM28xNc9Q8cdLuPjrM6MEs2WbDo14spdHzovxPsSTQD22xt1V4887i1rPVabFs,232086,232095,0,4901
3a1zm1XuSPyvCU4ueKaQHZUaSYZGbGPVQ9ZSHwbX9CNLPtT42kQAG2LjgbJWYBJnjBJGDXfnkuXbcTBKciXQp84P,232087,232095,0,4509
2sCuDb8Dg6q2382unhXRsYYhcNNYoEckJP7RU5AgRCsicaE9Bq9J4u6sp6U3bH7vEVqc1R64TnWuEWY5GATK4GwN,232086,232095,1,4689
5hmbj9L3JKKGYDooVaRwqgNTAQx5pWrZk3CyAFQGD7X4QVp6Dir75uRFsKQdznRFfLttqsCPfgLMBtzv6KVZDDc9,232087,232095,0,4507
4GCG2RCEe2LCb1hEUu7wBi2tfqMTWxDydNmCzMnqXvptw5CHRd9qHz7VmrBSEg7MngBD2LiRzVSB51BkmY7AFtot,232086,232095,0,4896
3nJh7dHLxSZsHq4R47od2d72QzQUD7fbJcTcJgWYNd38CiMyTJA1rrHsx4bxFGPESafE34mGJD69e2mgxMCsdWi,232086,232095,0,4716
2rdFXcnQpGcHHjSHKnavQtyt7FFGtfvd64BRiSf9hJYBWZNRerGEoTNUuTZdVtKWZbsYH2RkciaeFZujumLFBD1D,232084,232096,0,6257
w1yXf6pCu648xoz2rNFao1x3ueXZiVS82qSeWp21dy9yCvJfWMnG2BygVtoGpodBoYRFbU89CTez8iGqVezN6Fx,232085,232096,1,6087
5cmq3bCzqLwbCBXZxhYbtDpHM1t9FsyZLEBERjXLVVAevGr1eymDEKZ8tBpFeiLtgXao55UNFcTY12u23LFNya4n,232084,232096,0,6172
1DQA4b9Z5HMbQioFBpCrmzeeDAAcND9r7yAEwY2qAxwNL4NFhy7EDTKQrtpcg35RLyXiDWjT7mExoYV93VYmQTV,232084,232096,0,6322
2eRetW2ApjncpdCaiW1VfCh9dBLZAkZzrgdN8BtvQpEWdPFx1WM3SMPnCNom11328N5KpdhsuRzcRGtY4cWHm2ab,232085,232096,0,6066
3gC6H19DzKMvWHtFTLVECDVmahACKbDk3CafkYp1K42ddP7ejaUZs4SSos94MsYAAG2krTNMCfRvc8C8856dsgbd,232085,232096,0,6103
4pSFAW5n7YtNFakgKHADv9fYdJbtbewXdRgvgiSsxmQ9R4k58PGBWuWnR7dYDfX5s2CS3UmdcLjZYvHk4FcCdNkm,232084,232096,0,6212
4iAZZFqTCz5y7x7HwbcN2ngFteZy7iEmRf2WmQku6Yjm3iYPKnuX2Nif7A3frrP1g7C9sYYunUJV7jg5VKAGfEvz,232084,232096,5,6222
5Rusrzp6hXXAAWHrjWDw1eHDWTVpeg3i7SW1FZxTgY6PAWf3pUp1149MWRNMhUoLX6vKL2nVVP5G2ZFeJgv33TP,232085,232096,6,5997
3P5Wtzxh2ezpkK1qvQswT68A9AYDLY91U6nLhSz9xoHmjbCubzRuUXovH9k3xwcbsSkaiqHz9pqEPiWWrbMu6YU7,232085,232096,0,5903
3ohUmLgaVe2YGpDekjdsEEz8UXoHcABL7onPE1kXuE8FUdvywG5RbKDeeRCVHjHedzC2J2pkjt6qGL74hgv6tXS2,232085,232096,0,5909
23FVtv2YKWaJm7cvq3zMn55M9R23dM7i99xv2eU3FBVjGdwSbnyo4G73wuQQRGZjjKSkfc8TdrzXvabjVqALe4Jg,232085,232096,7,5938
3y8f6U4UTK8bNnmga8bXNhuVmjc9qbeV6AGBXa9PKvsbQoV83Jx268JEaKGVqs5UZj4st21MX9cPdJ2X9xxDzH5Y,232084,232096,0,6199
3ykPHUccTcKZwim8uNTsNH1UPgv6XqiG4tYemdvLP3tZJ4u8ozKuPdF7QrL9vmhxeKMvDj9WyC8WuALkfVjF8eW3,232085,232096,0,5980
GqFf11GReWGQR7Ga6yBHmLf45RJHswRZATQAuoTUUjYN5j9Zt12LF4XKjNEVAS1Az2Gzx7W77wZY8iyQrkqw8cA,232084,232096,0,6221
4kbFMnb1wBFsa1Q6PGW1aPgChUrKVTDNUCgRinqn5r8Evz2vXzLDW2b2duLHqWgskptvpBkp87RrgFDMRn5dCUM1,232084,232096,0,6223
4gUUjA8H8tqzfLtvqiiU1jLKFyePkk8nBo5nVGtztvEmDNaj5ZhPHXMwmjbCZ2UxxsLVvuroAxGTtMERqNpnBcqz,232085,232096,0,6067
2AJ3wDGcB8uDyFFnCDdeiGzvVkfxTUZfCGMTUE41mic7STUKuoLUyQoAgL4oUz9fgBcyafQmwPWM8gDV9FxUDmwi,232084,232096,0,6227
4LcjbSXp412ZUUBZker3HHVhRzEmBx55sWrtZcLmZ2Zvv9Qm5BDPMyyjQEYeLNLPPPzXJNteL1Y41ZNmxhdeAAqm,232085,232096,0,5851
37MVfzMQovSbetywXt3xUA1LL9CbCLwM46cVCcjNsM3Q1u7dTUjxtwNHahtDuiiNdBUHXVZgqHKpszxDBihQCRwC,232087,232096,0,4987
5nHWFFHEGSc9CZqgvk6KPWraJQGNRL8phjyLo2xtGb6w7CqjTkzkSj51BcsuUobq8ym6wYe3GzorbXvbDNLnmMLN,232086,232096,0,5292
3ZPMpnnaEj7wejxcR3DhzQWgrXYfdMCpWgjikBRXwCwn8M3CFbveJFJZEPSH5ZNZZxFrj8dEbLqayPSbLjrowqiD,232087,232096,0,4895
BMGgJRrWgxi9bXUjhTUMCZJzNPPLBFtAEyEwk9KEpscaqNjTGAoTyUC2qvw5Y9DyLuhVuMQ9BLPuSFzXjXWbYQG,232087,232096,1,5106
2Bjhf15HfdM9zqrcDgnzQrWbYjMkDUh4AYKXkjPMr2RcY5xHy7QujERyx7XtG4NGPTaCeF4ghw6aBvHFNzJVdSpP,232087,232096,0,5116
3tj5YVecdd4GFUgETVyFkhDWwTzSz12c3wGEu9y6cYHaUsJoAMUNM6db7wa6aDXf7m65sWk6Etito5WUYo29KE6T,232087,232096,0,5099
5LEP4DZVTCTk4p7JCma76y5t8aaj1pYJLMMGBJTXBVo8eUs5i2bh8a6nD8eCAqtHUod8ENVS9MNUYNb4kRAJ91ae,232086,232096,0,5358
ovo7fiGKbLwCD2ETFwVSE1S33ANCX7dBUXdpzGViYMVE6gXWa15AHJVkziWMCefYSzL8e24R1czij6AFvLcpJqM,232086,232096,0,5403
4VvDfstTVZptYiBZNbPD64vQnTnVaL21JnjRtwmA6ymaPQ6arcbV1nxnYKvhB1GxG5mzZbfdPbXkv2tbHfYKe9mi,232087,232096,0,4921
5jfejc5owmaX97oLXxxfeXVmzZBJfnFRz8GiEKdZH4YgDs89wBD92hcicR9sMgbWGWhjVu9yjJwTbtMHDeEuA999,232087,232096,0,5046
2F7ZT2amLpA63LMX3SjdqTaXE8CfiSFPMWA8o5AMrXKB3uL9gfxkeqKdeBwfckNJwq77iY5bJrKeUedpdpHHKhbZ,232087,232096,7,4993
4q7tuPZUuZgEztN4LNPH7YFHmupk9y73GSN1hM3FMn2ahWBcNXoo6sF2g5fQV33ZaBrupoed5vrDo2vnFPbra3Hc,232087,232096,0,5005
4Rbg1ynQW4boszsPd6RRgoFrpXAKqhQVX9ujqSBEKwKcApLasFU56wNqSArCzARdGGBjzt3P3tyVAQR9Toc4GjKX,232086,232096,0,5349
YnbrVKgwEF4Wis9kz1h2N57sfZKMFMCFZQwFjgM3iHVmiSTJM23cQcHsiZoLHbBniSdYqQcthG9EVrtsABQ937w,232086,232096,7,5350
2DRqWqg1PADjb8uEm6npPhaQGZLEiH15HwYHcQz2WgUdiHKhUhXmBL8UTmpyrXuvutoxVFwjxuDAS8AGtGTktbA7,232087,232096,0,4989
2U46vB9wmsv69XBSyqgHsuFcY3LUqcSM5ARJYhnXYESne5wt1QxNUFeGxFGs3KtetVJRiWcY7UDKRR22SvUmmrNa,232086,232096,0,5261
ky3vmS3iVVGH8ehTMcdJngT3dRwGbJ9BSnxyaoBTfsUg7mHWSQhYUjdTt12kP9TJu1g8ZkuSfNkNAGqFKqo1JdS,232086,232096,6,5300
23SqvKQQfUTawxKXMLuJhPx6BqjYBwutv33wLiydUrL8U6s67ZeUgANDJdpU5ZUuqf9sNWuqbiW4vKQ5A1ZKVpLY,232087,232096,0,5118
3aop33ayyyf9PEvqmSpkNUw8WU6mxKx77dmzRNHmpd42fWpCUaLMGVVEaJBgQLix3fD6gmwsuKG4oyFMhgfpnNoo,232087,232096,0,4901
28MCXDnLAL7kL3PMkvDjRT8ZrTtDfvn7PJemF97Z12HTuXSqgVas7CJiAPuS65C6sgpYEpcYFDvHfjtPJMRU8F4U,232086,232096,0,5393
27jzkS4yoeixBok13SQc6shLrYohgXjgEt4fmyTZpfHaWkXCpsA5TUHAHsYXh7P9BTVyKHV8DW1BKhZMsBdsYwR5,232087,232096,6,4912
44SJ9V1pZa1nRzL4YUrPzxV3S7rSiZiuAG4hecVDVadgMrSPdku7boKarmnwoF9xVU9ruuxoKnkxB7yfE8zpLGAY,232087,232096,1,4968
5R3kTNzFS6wqbmNCnJw9DcfUW2EfQkzDV7Rm4qAMcJJ5Xhn4ChagDCQyp3iLgjqRpuZ2HefW1fK5CxSQPwzGqP2d,232087,232096,9,4977
4WVmfMEUtpQRegdxLn92Sjk34pF5Ths3jUUgAdxa5TnAMfGPtaHcohmHJ94kSfReX9U8Am68tGBBUGjYqS87HGLd,232087,232096,8,4952
2yTJp2mLJTc8sRuBkHf3biiNy9ckaZWpw2ZoRdP4pX3QD8ZrD655yoAY4BeCkXbg7dEj4G3UdxHcLXLqgwEtyLQG,232087,232096,0,4992
2meiQLBxKgoHWFfLZMX3SyXHHphTj1HcGmLC7LcBnvRsSvyH6xdt7VVaUc8AjXA4kNq2Zdx6SkGGnzXujtbfazeN,232087,232096,0,4986
3kTqbsVm3sLHgHCmiX9j8yr3soj6mJDNDcydoFGWTdiAujNGcTWUqdzkLhLN4fNfPkDNRKKbEuhYijU7Bdu7rPe1,232087,232096,0,4932
5A7ZZAHEmpBa5kcWBAVz98Lcy2wqdeDLDg3AWNq8paRXgBvEXXVcr23dZdjdaFkzBXMfWamLv3JiZR1VgPTWdmU5,232087,232096,6,4970
4QQpQAX2BuPg15pZpBtaecCLrAQ1uAkcnTtLqENSWs9FDUsQrpUqeG38jUzn2mrdfvofvW26eKcgbpRVCVDRAukD,232086,232096,0,5279
2wG6kUgftBFJSFNVEp8AfBuSZey7JV9kfrJM3kxUUjC8XvDJQLk2DuCvPX9pHEzLTKpyo8dRkDWmUE1Pmb7Vr3PQ,232086,232096,0,5361
69PRHcbTRG8qTisKqtkiK1QPqJAdzjpvwcpRH1r1ytZd6eDCfpSQvpQdXfBtFu5PFon17Xxfk9uJdPuANKo7PEf,232086,232096,4,5169
5mqJGHCceouPbLfmS4QfPpSnU2PbcZAgQ5utQTu6uRRfuNtz1rCpNMm7BFbbqVjJM3XEyKkWWVixxtDYfYF2h5L,232087,232096,0,4924
3tdTeBDF7NVc7kvDcxKzW499zroESS3QPLDVVx1d8ZNenZ83GfZLCNAXVKHkZYu12LMfU8uPTrTeiZRHgCQnYFk5,232087,232096,0,4893
4bDSYgmFVVUjpT7z6ZMKSvBMyvnXNcxt2XAsctPnt2FJxKCWPjCBbsBmKf4qvD88uHQvr56NZGL7zkLFzkM6tHD3,232087,232096,0,4932
5WJ52dDm5zXFPHc8UiTaCurWz4ajKHy4iEXQH7X7oe56QpzwAFNRWf7pqp5WT5Q95avUkurDqFGSmE9J8VeEc1YX,232087,232096,0,5045
2QKzvHLtnHCE9piTtLcpSWvho8wCBTDYvX8th1oxqujDFD9auNmHrcmGVCoU6f9wmSjAz61QpVmUPGy18pzoCT9P,232086,232096,0,5191
4dmrmRbxq1q28L9wr5DbbibPunV9g9e2VjcdzeAD5ZDSQ2Qq8ustGnka8gsbNr6WfKaNdKpT1xSuBMomroK6xZQi,232087,232096,0,4943
3TiCB9FPxMHPjeueanG73TkAbSBsYujtK9Uh1byk14WmiiXAdWxe2awk6C9HwQqbMSZZ5cjRJoMsQ7wATJg9ACJT,232086,232096,0,5295
3pLEKjCANz1e2iqhcg7x5b4NagA2ucP3H7gq1vf5FA7mNKDBGiMNrPybFE7jd3o9FTGpGJXW7txYwmhLzgy1VNLi,232086,232096,0,5290
5Q7rmpq2HpiR4HJ5kxtvG2kdKzhgM1oEdcRSK7wYuWua6sH3GotrUt3miFLKeGtCVF1UgBgwbJzn7gKczBmd3N5Z,232086,232096,5,5153
2TjCiz8exdCUZ77rE3i5Kuqq9EDjqT2bLNCY1qhW82FjCHpw8RR898jCqFGoTX9kinA1bhCjDE5DwVsBzDgPxGh7,232084,232097,0,6631
3LAjLGDE1qpfTjBoWuU8zJABTRUwk4pEd3wsDwyEraGjunnv2udKFDnfrWbvx48ghnsTqJE8UZPGto66ZbCCCJXJ,232086,232097,0,5719
2reoaGS5XMZDmL2DFaNQi7AtWwqe1BCLaTqEbEtSiSmrE2v8UncroihJZn6kVa9x2swot8R56Xr23wzARToYvgPH,232086,232097,4,5607
pFwToWpfHuSwnpvGQnYRsrVE6yQgyA3UfmszuiZw6h6BFuU8KcpUabMmW8p4CE3HQqbq2wSf2akoEGx2Et5Hzox,232085,232097,7,6558
3SUVfTGzk4BK7xpfAKzN69FEnrWeHzijGCv2EhGazFNeS6ttrHjA1ZWHeax13RVhLMKCo8Mjwap9CrSNViY4mLWW,232086,232097,0,5795
5pwhFubUMDWLB1bpehn5Lwugff19XiPaNfS9LMdhZyqixs9d3pP2Tt1XdGBzPMzWZoVmE1b3ahBCAny7rNCde5bY,232084,232097,0,6674
fWaVfa57LWaHZgP8UZqMStGwHsvzhGHtzBXCpCBxszDCQwJc6i6b4yULhwfj2hV1dmibT3RnHzMCdPq536Ua9sS,232086,232097,0,5785
5pcTVDCvVzJT5Cy8rnN6uvuPjcWRP4pYdDMomYavo2i3hiNjDtSazA5oJtyuwEsjLpXyD3Qdw4p5RNA1obB7HCbo,232084,232097,0,6680
4sDr8hr1AHqZ1qLutyje1WGa5NT3Hpdj4pCp8BxWUSCx9g3NUsSuQjTsTV2AcFp6C7pdqtMJas3AVJZed8Gv1WGa,232086,232097,2,5701
27vrVRzELNWxs41iK8kLpULkukD3eNhJmcnz2aQ1v9BMzHPDpwCz2sEL8H9nRkwvnauJH1yACjoou974ietGyV8w,232085,232097,8,6351
3tb3eVqFKYxhxRv7L1zLVX5xTH6LwTXtj8cMFgn4L3eXmX6JEGTw2aHN5LfDTSkPTEgvnXRgrL2GZoCptNjZrfv9,232085,232097,0,6464
cihP1teoTRMHiwuVgAfMBvYpjJodJb4RB8diwLDvZDTpXBWa4guzbsMLbCWCD9BGurh77L2Fq4Basu39ueHx1BB,232087,232097,6,5392
3tsUsA81rNuizGEfN9WniLZinrAPR4FVneW6RXdqaafySaz2Va2vM55dPth8KnXQfRUxK5at9vi6mFhhcyJ33vzR,232086,232097,0,5721
5XPjMdoJisCUmRyTdKoweN9eYm7v2uXDzHTsZB3C2R894bBVeJCDWWe9gX9PZprZj4nfYa5Guwgwm9vKvfDygwZM,232084,232097,3,6785
4xr1jjZU5Y9zUMf1wEqWn8WkGXyQkXd8G6U7aiDUA7k1XbLYTazUjnjWzWNc4nQZp4qqp5GkExvu9N3poh1tY5eM,232086,232097,0,5810
5Jzq7tUovSzKmu4WVPsdpjG9BkyXKGzbDjbimXpKEYSHiZGZoPQ2XpJboYefE496fDNqc12RefWJ9HEwpLKaHLKw,232084,232097,0,6804
ci7u8MdYTdVPGZJefyR5ZUgnAiW7AfeMHSsGA3hJ4UgUL2pAGuJ99sftWPBnzGo7485T1M3EMdSp8fiiKuRwjjk,232086,232097,0,5722
2TdVecngtCuRDvzaUPJQxnZykUumi5jjR2P3esR82jrLq2pMUG2aTbGiq5wXwJ5jpMVJEQzu3kbCu9g5a44ScU1F,232084,232097,0,6763
5FKchFQnLp3UidGFNEkmPeFAqEgbuT8kGQYpXa6b4kqGVe7D8CXszkDyDHP53eYejtP13zhEnB7BcxLQSg9xzKDw,232087,232097,0,5373
2VsQCpFdqYe2pCuzX4vikr96G2UXL3kBT99UkWH5GwSLBuhJbMokqDLsjiL2ZwbqoUXnEwoAG9pP93xtUin7eKT,232084,232097,0,6655
4TvhdQ6YoKto8tFNjYwDZLBchF9kAv9Ji29f4QtrqXA7LEtFWjsRnKSzBUD26AJPkVXuFwE8eZL73qrAZcdEU7gM,232087,232097,1,5591
31LKeTTnfp29WGpxwVvLePcvLnkaaR3ZFup5a7PG7hHBmgBNE9xhwgaCShw4JQifCdaMPGrtAaVDXhLQ96izGcUt,232085,232097,7,6361
2YpMBp6ZVRAM4jeFv3R7myXut3zQe6Svg1bPJ3gw8kn3E1cze8kYvFu5tf5AKpV5fEKyo1nYMu86BeuYFyobkLHk,232087,232097,0,5378
A13gzn1HEyyNy4KREEpDMWtaKYnTPhFsNrK7W36tpYuRc5e1wRDDZrdZfBwJjHWgkeBHn48Cf6Ffu6c59qGG4rt,232085,232097,0,6463
3nr5eQfA79KDsup3Ddi6GNaYGR2a8m4pUVeN9b1tN7Y2GTSc5vDCWNKRddHAEDqGWPydxpXoxJMWs4sNtWvWfRY2,232087,232097,0,5345
2VSpUmzXU6dRGrSqv8EHscnK4QUyeDEZYNoo653FRkTPNWvdVThfNJi2gxzQUqKuf3nxR7Y31Hu22zkcnynGMKNH,232084,232097,0,6650
3Cb71B4TokRA5KM6ezuCCo8sowmwJG9WFd3XVJApnBVPczKyn6nBQLMRJxUrA5gJYiUyKtjPXfQPeiDPYuJjXomg,232086,232097,0,5807
YMfa7iHSNXhcqM4UNAg2fK5ERECGuLYqbT6oTjxGg9oTkxb2LEuiCK6iFqAUJ4GhocnKDa6eS41rFbKQzMWnUKA,232084,232097,0,6707
U5zRCDaJbWSPUW82wzPhXavDkc7naagKhmr5Ea2be3ZohHvL9s6AM5d9f7r4qs7W3wvQ4yckg9pK1gEnR7cdw74,232086,232097,2,5777
4XFAket72i214FfHsEVZCVhSGQZxvgY9yb6PrXK35G1TS5N4LGj6bVWrEcZjwseiNtfgNSTJqJuxkgCArFAKZePP,232084,232097,2,6755
4Tb1nz6Qgxt3EjUyszJ3VEWhMUPjZkFpdUfZisfmUnhjLX84wAWzFqxM87aksjt7g6KyLXHzM8iYXqYym2nf6XnT,232087,232097,0,5372
4WDCne7VeJQqN93dgyJ1h6g5QSb6iAjDAjVqQstQwxez5PJBM6TDK1SfTBBe4EnZbBEqn97PToAwg854nrmvqNTb,232084,232097,0,6660
5FECRMemNFMSZhjjDmpMjbpEiHpvW953nNmB93BxfdteSwYA3JhJXHBJe7pVrfoq19g9UDVuqF1mKsWBV3eaARRc,232087,232097,0,5391
427osBWRsL5PaZwY9eZ8boFetPUC7azdpPGAd214WAdYpZdH2AGWU7wAb3SQtmDLGenvtAVxqY3gd4zzcrgmqs3i,232084,232097,0,6663
pDP55Ym2VSQeoebHnZabKR7weX1tYWepvnVCzNLAmu9RbacjC3RCSWXgHzzp3TYLRU1qLyUbMJKAYrCic9GQZyM,232087,232097,6,5473
5RrkCSNnJFRtvZHdG4zJSAe2m2Z1oJWM2qowpZBLxUiuZpoNLnxkNaCMA9ihALYvT7r7t8cT8HvnvGbvFTKy87uM,232085,232097,0,6360
4JBrtMnw2L23EH8BSKweHXfxVrjhGHMnJLXFBH9svAYAQuNZQYWm82zWw8QZFSdwvvvD2kqa9hGa9zyPkhHiRJNH,232086,232097,0,5717
4rG6Nugs4dvLAShXXEgPWrbmVxQHJgHnar3ZjVcVMXC2hh7Y8mjYSJYiD1JXmEFW9LXcZeMXWBbjph3gvNhazUC5,232084,232097,0,6653
3r81AecCBE4YHgKAsC3f353HpELrMyjczKSXdVgbB79X4yK7y5j9qvb9eVBRj4R2HmDSdfa5qNmTKHn4kcriFwSX,232086,232097,0,5831
4c2R8yupL4NtLg4MbMHwz7ivrZfzMRqNuhQd9dqQjiHKd6frr486aF4mq2qnMZWpV4NLCefkMNNXBXQAKmS5wnLT,232086,232097,6,5789
urB6A1nPUYoseP2BXVDfQRJEvArCXRR44VuJGHbYyhTkXP7SmfgXdnZMnjE7nrFng1GZFKTi7wpyXrsvwhUX1jh,232084,232097,1,6586
4E2rBUn7Sen2BGqhA9PGuYhNroi8K7cepNyevidSNLn3qcakvcfKXSqU7tjdniPEaTRczASnrzWSjzjwhRjfD6kK,232087,232097,0,5359
2av4AyHckj8PA5u6eSkd2zBCqejY6FRzHFpenjJVb6MoRF7SZU3BA9VtJ998D96CcCUt9CpADZ31FXwXSj4PLkyN,232084,232097,0,6666
4ksX83uWpEnY1TmqwU3JDUQX1npv5p4rpfMXdZdGXJSBuwwKECcDobpKmUZzkqPBdHqr4hrY88q5smRPKo1zA1RU,232086,232097,0,5721
2igUKs7B5dVc8qKsCpMormmAAGbEBaoRyV77BaMpoWnwwZroeLFtiR8So1Ud4RxAmGcEw1a7jRhkLxWJaWHJnzrR,232085,232098,0,6387
3ag2Yrn4aB8xgDe6ouRNs7AQnBuaAokE3aA9Jq6tiavPQMnskw5SHKR58iyQBzFoTarfLGDEuDLpqujwqYAF11DN,232085,232098,6,6548
2YFYKGotNxo7SNpwynZteEXLswZJo8GEp25v3FDbWBhHPFhHD9cexmKSMj2g5h4KZHxqkvCs7Ekwqoyd7Vm6sVBv,232084,232098,0,6655
63QApittUdrsTXugXyuZXXKwrYH63KMJEdikzwmHgVZhgdrkvotAMdjE9WPD2M2ZY5852jxcBp5FUHZkWnK5hxpg,232085,232098,0,6382
XYcuM3oLKGkSZCAX5zoTW8U4xsonxtpcJvTTgmQBthczpm7GRhB9pws3vyNVaJEjLjV28uevQkYY1WKUfXTSDcX,232084,232098,1,6662
45jFdSQZYSfigPhMDCxQVfLtT978K1qYhf23vqtCPrXLuZaMr9uQ8CKvuLnZHoTD9aFUkykALbs4KdNDBXXvLWwq,232085,232098,0,6350
3UfV7hY8j9L6mXqGEVxf5Zr5vQxaB57HZKXzJouKJZtjUmCYJk5fvzbH5ZXdc47C9Tx5BFe9pF6pvaoB5zuEkzj,232084,232098,2,6789
kWuGtg6gozMpu9125qBKSdqLcwEeZGjiErq9mnePegUfpU5UYqoZNRiMUA8FjCkeuce5ordkyE94StnKLZpRbHv,232084,232098,0,6653
5KP6V4DH7AfyuvM3uLCmt1AdMTsxv5jvrSo78xJ5X7wCjNm5funjUm7WqkvqAhxh38YnRmjDg8DpSQTtXo8JRyVc,232085,232098,7,6432
3EmKg89KtP8pYTHLs2GE4Ssu7oFrFG61t35FipoYZMbiE66LwgX3Fdd7rEkk7yVqQDmivdV6QzZzoqYf91LASBKy,232085,232098,0,6381
4wMrqFnFE2kA4B3R6VmsaFUzcxZpaiYp93quoCKw25YMahkCxQFCTtcTs5EtU1Vpex8fUuQwQACmNkhwBV4iQPT5,232085,232098,7,6390
513Pv38npxkLLY7pdt91Mn3Ud6J2MY1HMaF6MpRTEcwtJSTVTQzYwyo1im1Tc6JBLQKAaxi7rETqwoiyP2R5Fn9v,232085,232098,0,6386
4nbHFHXN5QND9pAfo7zWUPkF9VLSm4BKHfeJymDUM9iXwKwC7CbBoMC6QJ91baZcisZtcumNdtC48PRKwJgnfkWJ,232084,232098,1,6694
4zPFkRhHBchqexm25ij4HDvA6Dv49E51McG6TFY3jtLYevLGb8u1nehQbeEq3k3DW15v9wT7iVPg13foSSeJfToS,232084,232098,0,6597
LpVMgCt1SVZGjw74TWKCubJC8jBBhwjugWqeDhy381PwhCdZdvvKcuFic9Pcpk7sTzbuTJkvVe1eEMx9Zi65g5K,232085,232098,0,6504
HexHtCgu9LSVQKTPEBFxXhtp2jJyTQQusGfVtgktURf1gVeVdE8gs3WQRxkpdbTegyPP2JTqpDwpXaKUUvSGrbp,232086,232098,0,6220
gH8V41oBg8twPQRrxcY7gRBseC3yzmTfacD2SKi7NYvAmt2ovZMp85QHLFcVQiCWVKF1bapvc4PGXBARKHMyA6b,232084,232098,0,7290
65d5fN9XJLpsMzwLp1KVmBsNGA9STMEnNwVo3EbakQ61ZuUigPSJzSY9x8sUXQRqj3u2EfkwZKVFxojvebQTRtmh,232087,232098,0,5878
W6Jy3MneaVXvz6iGqN2VyJmDtnx82Vu9Le73xVzAGiurEwPX1B9r2scvvkT7kFe6Pan8d3zgYMGvzVgZAijqWXo,232085,232098,0,6969
x2vSE7iRdsoZE36EpUDBccXLvNkgEdz82TU6gSB4icFKaGGSJBWLdeBJ3jfxGbTTdbwZjspEwHGSvJZKRb7y5qz,232086,232098,0,6184
phxoeTTqguUDdUAGqNwr4JzkgU4pK3zKV9LmhQLtc6Jek6iekeEtu8uM21JkGgVUpDkrtnUZd3CWruaH6BhHgEM,232084,232098,3,7280
4CB94zxh2TgE6GvDCR9nWuqmchws8Pq56acYizZKcUVmorKjNwcERBL2hhYoAsqhWFHXdxCwFRqmmQ4RohRCtvz6,232086,232098,1,6270
4Rhy2Sw5K5x3R7ssCs7DtcHaE3bUhKhYGvSitwZeg8wDkHK53xtSrERawemxy63oLBqeCCPgufi8qgyg37NTBgtq,232085,232098,0,6796
2S9fKb38z1phHLu6MgwUdmu8Qkqd2oFyKyvri3f36gKQSjX8VZKvpsxTixU5aKXBUMcJRzqpRMeXVRDZ4Csx7nyY,232087,232098,0,5893
66LGjk1DtBRoRXUosyAFvhc6u89ippsdEhbHZScnQkhptWE9YJSWzzRJQ9Ukge66Up9iy2MQwYSgYqgu6eDgnF2c,232084,232098,0,7243
zzn6z1MYUceNXmL5fyneQFNqrBiPNhfVtW6K9mrhYXRmVzgQs86gf2kMpxiSqZwcpm9cjBegic5Zmzwv5wc5RRp,232086,232098,0,6226
3JJGCFaXEEqHHqfxmHYgEpXtHNF2WpFm5C7PtDPcri4cuYx7tfDpXDdScyQWPkAq5a3c55kTcirnLjeXdtMtWWJf,232085,232098,0,6947
4SHxB8Wepk55HgiznrG2M8rcdzzQGZWnKuudujHzzmG3G8XM9CCd1gkrymfk21awM9k7yfN1Dx4Q8ewMpmUpSU16,232086,232098,0,6207
3L7JmeGL4gUafdigdtM2Jvihzua7oBMPBxmvyzqoNC7d5sTHwCxwsfFm64gQDVYw9rCujZTnE6pRXFesZA5Fs1CY,232084,232098,0,7158
5e8wv4ubVTcym4dtcSzQZK32ufydUuWHKU8J3mcPVVCc9aUVEkRPsqUgitE395QL12gGfoxU3AR5JNZWVffx5ru9,232085,232098,0,6971
5C4j3F11VxTPmsrNhxGb1yCRJCtmJ4fwCVFTvyQn9xMk4GUgLJdYVHsmFXBVsQ6Z9Xskovc54xwhgwSWFMHCe4Yb,232087,232098,0,5842
4ipzFCbLUJLBNYCamGV1KRaE8sQHaPFFnMvcjvJm77S4WCTMuZa46SU2UVZusiiQvqQAtqxWR3D2p7YuEbvbssE3,232084,232098,0,7138
5FM9FGenC2wFgYSiDCL5wNJeQqLZ4u9DavRTAM2CDBsJGvHz7nR4Gj1CViepc1YZdiYM6qXH5LqA6NQycsqgtDJJ,232084,232098,0,7152
5nNzQ8uAfFnNkP9eoWVkxfQvAtrDEmnSXG62MhDKg743NPYoimKNgfN1ntf61DnExGmPJikUZ43ksZhYqquMN1zV,232086,232098,0,6333
3aRkWAQeM5DQhZ6KgqoLFyDNw3sZG52GLnW187ngHPpd3peP168tBRRr9t1si32tzMaysdjQfpZh6DmqYVDSr8g3,232084,232098,1,7144
orkuyx9AmDrQYgiDFbMN23iKLr1j9db7YkmX98z2NihgfufD5oLULuMuCynF8eiEwCnFZDzBGUEXYAtjxFfDLWJ,232084,232098,0,7265
2DJ9rmpsxqbN9EzeAG9hYuX5pke5UbGtna5kfbNQSBGhJWzodWB2e2AVEUrxqoKwcwjjaQDnzEBAfazWiikD2THt,232086,232098,0,6256
4krAvTMgv3VNCeggqa2Q8CzpRpGqWXcvL4nscauhNiHDrYNW2HXDgJR5Uw9M7Uy9aPD8h5ihLVaoWB8itdtVE2b3,232084,232098,3,7269
66GZD7JS4VYjc7UyJjy41Kz7NorDP6HyJDMErJthirNZwLKoSyj4TGomQyo8R1GVZgx2vN22hcZpmbUgxuX7Tnv2,232085,232098,15,6955
4VJLfS87UN6UDxQJpW2MDtPqvoBWwS3eAhgFu6mWxE2i1NXKws6nbGUpwCGfZseyiJFZiMq4hNt17ACdETVm2Bn9,232087,232098,7,5996
4mc1sWf3vBos7iwbW9qhHEYZsYXGVNUbdfuGQV8xKtoftfxeMrvVQAa7SJDQpSQFrHh2htWckYpFArSTnetZf9dt,232085,232098,6,6948
U85frnrXhc8Xa2CKBXEUNvmM8dPJnbQLn4VrNEdeKY4J7gU8CPnAZyMeXtVykYqF6etPKx1DjcQhi6rWckfuqjg,232084,232098,6,7096
5R3T1mbfRG5ZMMWcXHxzyDsptUFuVFNfPNzah5oQxUFJS7sK7cbxBzM4nsBxBfZj3F4tZp69kKvxmHg1SvdYSpZT,232087,232098,0,5845
3u6RUsvitoMSdVVQMy7TJk2wj519Xia7cJt1GY1ZSucqaBG15R4zuvNRy8g7zF5QudvoRD33NJodX91VxoWjzU3g,232085,232098,8,6939
2NfeuvFn4PJs8ZCZEbQZvp23Lew2it35QBYAcqEqfVJdufcTWXfZhQx92vEzjMTMyeLnKbS3SjhJZyspfuHgSSF1,232087,232098,6,5981
2qwEZksWjdiAV2T8cfQM4kR43Lz9iU6DB9V4YLJq15nyHraZq1eZr9D17AGyMa2S7vzqa1voqj97cF6vJn9RYjTX,232084,232098,0,7316
4FapjuD7WfYUn3Y7wXffRVi5BiYAbKRyMBgKXhTKFs2XBRex55e2vb13jvtsU8oXy1rtfeJFQ7AgiNz7u5KRkSvG,232087,232098,0,5875
3BKhcJbbaRkXigMrtV6h6uTYy3hdFXc4ajqFB1peCoZUT45vQpxJWWuJZVLXxsdDoKHQaWgmPtTPY2M8Lys3nd1Q,232084,232098,0,7290
2UJ72LJ6KZPXaMB9JMcZ7keUgPEfGfL21kg8mEQj7RN4urkxv3Aqq2hHBHpHAgd7G5CsoeqiWvRtk8vRH2odEqcE,232087,232098,0,5848
5Jmjrh2KwkShJMGxrp9cUwV7qESCsvnWEDQjgZbEuhf5ZDiG5SUSsZkLW2RedzEeyXkRBieYSqqKi5kEeGPCMjL9,232084,232098,2,7304
51XrCSmmZsP8N3uLWNvSnic5iA3XS4fGdHQFDLG2REKpQYAUiWR5X5AaFKgbL1vZfaEBofa19BGap5zMtTjGa69q,232087,232098,0,5840
5CUmCybuDKG6w5JPAKobb2hHYwzYtvFud93pyG583Y8v2pHeRxzRMxsyWe4nnNinDjcKnfKttLGcWYQNMaFXc2sz,232085,232098,7,7060
Y2nAv4MW25TK72cgaZDmZU3fsJJjzFc5FY5QT6LbF3VQcD3AyxmedN7xHK2PpaKFYkhXgcNF4sZ1XCt55fw9u73,232087,232098,6,5966
3XFmu4eGvYpDcoPX9HN85w7AmYHoj1T8TQzpNtcRUeqh5fvZ9dGhUBhmEzYMbmACUPgKuuL68t2pWh23xdyokets,232084,232098,0,7267
33gJEmuinpAaNg6ba7ZFrqMB3T7rEUyKYWKWdSd3Yuf9ZPuKh4WWxV9HCn7jqV1MgzhGBSKjeZ1bsPgGQ2kqZBv2,232087,232098,0,5989
4Tsw1i1EkRh2LDB1NSm4tW8NjFUvRqATMDL3DteHCt7MBDqH3qLxafGE9vD8pvzSRmpXVnkZ5DUc1cD7kmDLHyZt,232085,232098,7,6995
L8N5SVvpRLza5nhf12SVyzimg2qTgzhFgCsBFdHQa8EF7qCLxJAZDd6JNEryCYAfXDGfUH4Rkioy2GA48WUfa7F,232086,232098,0,6288
5bisXnKtA657LvjXFBcwJyUR95XzVzSyM72jzoiqiPPdPB1sKYSndmyEXV2uBKjXBoXP5XVPPu9D9zkzein1DDtF,232084,232098,0,7160
n8fDAQYZDEyZBpLizb1vS7inxt6Jb7MsXGqAKawQb3NCM1mXQnjzpFaQ18sUexaFP3G91w7hfu5hyLzxC97suUp,232087,232098,0,5882
2sUSCPTL2cft32oGf2AofPC7FpB64hCfQ2SGaHbKsU4gdZ6NNcXFGsWnqtSjetwfVQdA1Rcp916dh75zQUBtFNKX,232086,232098,0,6163
6Yb5ziAczYdtH45mvVn7W3FU1HkJog8SACUWwerTFGx2hzv8SKFd7DvRVhh7ZnTie2ovgR1tewBG3BS3KkXrB8T,232086,232098,0,6215
57wFZhkVQ5uzBXKripvQf8nEXT9RcSA8677DBLPARpcCHYC84GdBMK93267RHrPsvRmPfkUgTiV5ia9waayVXzpr,232086,232098,0,6142
DwWK9Acp8yn2mzkh5vGyupVJBmno6ZFYz1SfNMcSRc4p8FxoGe1yzqNEcGVYGYqRuiHYZnxuGPtH3DmfjQrvFNR,232086,232098,1,6325
3sT6jY84QFGnnVGxsUKjxKbP7ZAqJV8DvwVAA5MwbhNEDoZogAPkpDEkzmv4jf1ZtD9vKfr3qYrsDPKk7bgZ2P9V,232087,232098,0,5878
5HroCrpx9kKNewi9CRAyapAjhndTqUib7WVhQFygWj6VUjDf469FcLWjYq5rsJuz4v2azefYjJWGj5ToCaG1EW4d,232087,232098,0,5843
H42qP7sh31fbm8372AccXo1n5sDMQMR9FomMfpXsauamfFUjdMDTTAF33UYzSiDD825n6xmssKqDGVgjy37XgnD,232086,232098,0,6144
4wbKFihJX6CY13yaBXazjm9QiHmnTxi4n4jBkFK4yJmHsUuKBRo8WqoWDPvpMmu1yJVQ3pKvsdJ7JTHAwmZSFgHk,232086,232098,0,6286
3spG3MwKS9DTMLSND6k3xBME8y2paruEXb4ejynBgPRL8ReF8BD5cHz4UvciFZXLHd1Sc9fYQDiZziA8mrCFuAao,232087,232098,0,5870
4PrjWcAKWgCuqut6hGMLm5ZzEn8PvDTQNV82LUBHng4E1syKBxSFxYMPMX1a1FUjPeSnhHBpUVVoiLzHXDnwwLVE,232087,232098,0,5873
5Jv36wwFcngGBJBzh1ZPoJ6FeMMtUr87hYdJBxdGWJ3wXAsqAGoRnKgKjGquttov44JDJFBVtRRpRJssyv9s3Acg,232086,232098,0,6141
4BXA3dbsZUFsjASXo65uDbDdXBqaSh3N3yPAr7JHnxPN6UTwh4gKt2jDedcZfzqRQMR8hyrSCA16RVDSXYVSmhpH,232087,232098,0,5845
4y8vZeNX1ERtHPBMAZEUtcTQbLQfsGF8oKPskbY1vw4mZhZLxS6tLkNHf45utG5GgqQM3wpecYY6YsgNZWFXAFkH,232086,232098,0,6158
5zyKkU6XB7T7vA9jsM1PhGvkSuomKo5ZYAnz3ArU2M3YxgsCNsPE2xLNg1DB9kNBNXpCwpGiPrS7ap9oCGBwQ4KJ,232087,232098,0,6019
2B6eY41EKpvCm5ku9fovNfwNKv5kjf4e5jEdTA9hj8pNirNZnpxNfL5FX1La41amzQ7rvguTiW9u4RGG1ZvYFS25,232087,232098,0,5992
3iRfZBx8WBeXS7qMfmi694JimxJPo4uF9hus5ofLchYdKF4sMrqvVyDFZKyDMCNJEqMuHEMFDZoNqgaKkgAho5Di,232084,232099,2,7756
5YuKr2fWaWEZkrmHqFAWRQAU6HNcrCCvonWdEsCjTMgHDMPoskPEZabh9FwFxGoDA3o2ro3Mo97X6veTvEtFF5DM,232084,232099,0,7730
29xFzzc6tMB1eduXTrjCCFWdUS9MCofTWgrZ7Ft8W8YrMjBJLPLduLoi22uvE8HEFMu57ixWo4QmxAaS1pJK1nF4,232084,232099,0,7755
4Khs9jFCnZAvD3XxpW3d7kKNRApEYLZV9wjzfcFP6wYyFHzCvJDTS5pLJK9RQAxrts2nm62Vo5H85Dvwjguo5Mx3,232084,232099,0,7594
67egJq888typtys44MQFuvtthrbjSAc4B32yGsznExjPgMyFTTo87HEaMkB2jaDp58Dh4hG9xGy57NUSnRmeTpv7,232086,232099,0,6580
3X4v3MqDDj9ZiWBNPU9Vfpk8eeaBxnEA7LynKDLAzfLUfvjMszVMpoRrerXGxZwHK4coQHDpG8nMVjBGQkFV8nNS,232087,232099,6,6354
2uGN1kVKB21ngn72DZYRTvJsndqrYfffQ9zz8kcQTXyEowAcJ7X8dB1jx7CVFJsCQ37YjmKmtahXHT49pDME4CYg,232085,232099,0,7252
2Xpz1ZQ2yYqZ78qtETGM47TnMDXo1yT1A4FZ7sAkiu4q3HmQGJHqhjaZM5z9MewsPGtYjYfhVco3dkajn9PtKuVY,232087,232099,7,6455
2ZZD4VSvwru9QNtGpxTkVqmxCYpCQqyMxLCXXzhSaWSrg2xKFQw7DhadiRhx8divGus3fEbVdZN4M2f5ZJ8iC212,232085,232099,0,7250
5yHyqdaXryFZYRtieLXJfNUqYUEkvePtLYd7WQktBcKCAvsfUs4wyepKbAiuQXPnZGMrhGNc3HS5o4MzVU4Z6ibg,232087,232099,1,6311
45tMjk8G5xG9GyW2b8ZArZzexrvJ8LHVgPtT3tEj89Rn2t3XyRXjpYEnCYZ6FobgUxYwTgyYDZb3jzQ9BA6UraWT,232086,232099,2,6558
2CnCA39sGFL9U9Y3bhEjMhM83iNzjcpPTmak6Q7754tJNDiaRuN1hLP45YkQZfXfm6NVw9JwDe9M2d1gRt6AQTUs,232087,232099,8,6327
tTjixZ9ezn1tvnYWY3sQPxFvVL2pBh2CWFcmdnubWMYs6KhXhxggLeVSutyzmLZBWzoNQpCw6KfYMHyExAepSum,232086,232099,0,6672
4UKd9UPzJGzEqGCbLzoAkygmvHj7SAA9odEU9eG9VPV2yNzfELbhUhudh7NJH4rWRNpC45Rfj9UxwaHhBfQevrRx,232087,232099,0,6321
FeK7FsFo8f7zkkEXbjHEDAyiYz48Qp2FjVx17TdmWqd6BEk1TFYNZLZkymzPhxKMKHYZZkpYGm6TAm6dS9PhFrT,232087,232099,0,6400
